ID,LIMIT_BAL,SEX,EDUCATION,MARRIAGE,AGE,PAY_0,PAY_2,PAY_3,PAY_4,PAY_5,PAY_6,BILL_AMT1,BILL_AMT2,BILL_AMT3,BILL_AMT4,BILL_AMT5,BILL_AMT6,PAY_AMT1,PAY_AMT2,PAY_AMT3,PAY_AMT4,PAY_AMT5,PAY_AMT6,default.payment.next.month
1,20000,1,2,1,25,0,1,0,0,1,0,14591,16128,18936,17265,16028,13945,4704,3162,6534,1126,3091,3240,1
2,300000,1,3,2,43,-1,-1,-1,-1,-1,-1,70336,68669,63788,59354,60835,59024,3095,6004,19047,16019,18013,19506,0
3,200000,1,2,2,51,0,0,-1,-1,0,0,40572,37708,29702,32571,40525,36533,8609,1847,4589,8496,7651,2337,0
4,120000,2,2,2,23,-1,-1,-1,0,-1,-1,84476,99853,77835,82065,74591,86782,29051,26151,24054,21899,15932,9878,0
5,120000,2,4,2,39,-1,-1,-1,-1,-1,-1,65041,62198,52236,49097,47933,67704,21281,9128,8521,2014,3822,20699,0
6,500000,1,2,1,33,0,0,0,0,0,-1,446372,360586,372121,328760,393507,328450,86297,97136,21437,67267,112819,61378,1
7,20000,1,3,1,22,1,-1,0,0,-1,0,7353,5781,5396,5719,5478,7260,1798,1047,1083,568,836,1168,1
8,200000,2,3,1,58,2,1,0,2,1,2,48283,58593,56454,49722,53470,42515,10593,16829,18189,9129,11299,7489,0
9,50000,1,1,2,41,1,1,0,1,1,1,24037,29214,26111,30506,27004,25221,2092,7714,7282,10570,8079,1346,0
10,20000,2,2,1,56,1,0,1,1,1,1,2622,3409,3468,3383,3523,3129,617,927,529,168,627,289,1
11,120000,2,2,3,48,1,1,1,2,1,0,41387,38931,44536,38877,41169,43009,5377,6294,13454,8398,4552,14514,1
12,500000,1,4,1,62,0,0,0,-1,0,0,116682,119175,95028,86230,100686,98375,15347,40184,16456,6419,10832,22855,0
13,300000,1,2,1,67,-1,0,-1,0,-1,-1,103724,121106,125389,102648,120102,96824,16450,18618,30834,19330,24847,11083,0
14,300000,1,1,1,49,0,0,0,-1,0,0,192909,211811,205239,249842,196773,224952,58107,59675,26667,47943,22844,74797,0
15,300000,2,2,1,37,-1,0,0,-1,-1,-1,39671,55374,50819,52657,49546,40202,3913,10053,4281,8980,6526,6077,0
16,300000,1,1,2,40,-1,0,-1,-1,0,0,197287,174620,227092,176478,197783,215481,20273,17039,28033,40779,19281,14326,0
17,120000,1,3,2,59,0,-1,-1,0,-1,-1,84979,71072,81769,85265,65395,84879,1905,16171,25250,29116,10938,28736,0
18,20000,1,2,1,41,1,1,1,2,0,2,10782,12812,10019,12561,9210,12023,767,2239,3472,3588,1600,2882,0
19,300000,1,3,2,45,1,1,1,1,1,0,162166,142184,138104,174470,155104,149566,55617,15234,14789,58676,30020,40147,0
20,120000,2,3,2,30,1,2,3,2,2,2,83302,75069,74140,87383,82374,85666,13592,10977,5528,7210,17763,2349,1
21,120000,1,2,3,67,2,3,4,3,3,4,119791,110625,121997,100059,110001,105784,10110,8051,5301,34797,23541,11999,1
22,80000,2,2,3,51,2,3,2,2,3,3,18101,19170,14349,18751,14142,13110,6130,6627,3856,2263,1996,4352,1
23,50000,2,3,2,36,-1,0,-1,-1,-1,-1,36392,35262,41526,48010,36066,39620,1053,8189,8066,1501,11441,2825,0
24,500000,2,3,2,48,1,2,2,1,2,2,55114,55598,48370,58221,61297,54688,9908,4296,9843,9545,11575,16857,0
25,300000,1,3,2,39,1,1,2,1,1,1,173513,153980,143884,176171,128798,173531,49541,41930,5024,17836,37943,47591,0
26,200000,2,1,2,28,2,2,2,2,1,2,125657,103374,103271,125072,128623,101159,34559,22599,4827,33957,26230,14659,1
27,80000,2,2,2,62,-1,-1,0,0,-1,-1,19387,20584,17554,20558,20360,21104,1598,5319,5649,1000,2897,6597,0
28,300000,1,1,1,62,-1,0,-1,-1,-1,-1,33959,39873,40577,34341,41036,43027,8611,8488,8534,6897,10823,13961,0
29,120000,2,3,2,60,2,1,1,2,2,2,14226,15558,13487,14116,13011,16289,3205,621,1245,1630,1020,4985,0
30,120000,2,2,3,38,-1,-1,-1,-1,-1,-1,10183,10482,9325,9993,10955,11420,2472,912,824,881,3724,1764,0
31,120000,1,2,1,33,-1,0,0,0,0,1,64993,85374,71671,79318,83227,58393,7007,23365,7131,24506,17382,12481,0
32,50000,2,1,2,23,-1,1,-1,0,-1,0,11499,10872,9113,9650,10527,9427,3306,2923,373,1834,572,1140,0
33,20000,2,2,3,55,-1,-1,-1,-1,-1,-1,14662,13593,18116,16527,17823,18241,2999,3653,659,2105,2834,1147,0
34,120000,2,3,1,36,-1,0,-1,-1,0,-1,127027,121277,109230,130701,108780,123179,32935,3034,28137,34795,27753,39133,1
35,500000,2,1,2,62,3,3,2,3,3,4,157730,172332,163195,159487,135139,135465,52060,49235,17468,48093,5740,46570,1
36,20000,1,1,2,61,3,2,2,3,2,1,3233,3377,3571,3442,4847,4213,977,556,524,570,515,165,0
37,500000,2,3,3,27,2,3,2,2,2,3,222792,228241,177901,237369,176563,253905,61974,56811,35105,19013,57390,62702,1
38,300000,1,3,1,64,1,0,0,0,1,-1,281414,294532,300792,252960,267185,238454,32526,32335,37785,88063,36750,79465,1
39,50000,2,1,1,27,-1,0,0,0,0,0,24594,18833,24475,19273,20289,20120,930,5159,4356,2668,1471,4438,0
40,200000,2,2,2,44,0,-1,1,0,1,0,30085,28833,26540,31125,32874,28359,6306,9922,8106,2733,1724,1007,0
41,50000,1,4,1,43,1,-1,1,-1,-1,0,41526,50417,46799,58584,54250,47483,1303,5226,4705,3168,12167,1183,1
42,300000,1,3,1,65,-1,-1,-1,-1,0,0,184279,151938,148466,145620,165468,161291,47116,42358,41736,8864,33785,30057,0
43,200000,1,2,1,51,1,1,0,2,0,0,76608,85884,80157,70842,61957,61541,20159,18863,8585,23463,14482,20319,1
44,80000,1,2,1,62,4,3,3,2,3,3,65700,62732,63262,71310,64697,80383,13518,6908,5168,23703,21748,9004,1
45,20000,1,2,2,49,0,0,0,-1,-1,0,21715,20761,22313,20135,15687,15902,1639,2431,981,3777,624,2156,1
46,500000,1,1,2,59,0,-1,1,0,0,1,221391,289990,215227,250100,310960,293667,68407,75815,52899,62126,26503,83013,1
47,120000,1,3,2,61,0,0,0,0,1,-1,34126,39830,48384,39456,34619,32818,7393,4534,7540,11630,3363,9338,0
48,500000,1,1,2,61,-1,-1,-1,-1,-1,-1,257701,258155,210306,274565,301635,283320,48941,9234,57674,56000,48544,93892,1
49,200000,2,1,1,40,-1,1,0,0,0,0,53507,43899,47241,60851,43067,48011,11092,13538,3013,14610,2581,14247,0
50,300000,2,3,1,38,-1,0,0,0,0,1,151879,132777,136136,140117,173126,160643,7191,28461,29828,47513,26879,34697,0
51,300000,2,4,1,67,1,-1,1,0,-1,1,92993,80378,71741,82082,81742,69187,24582,21725,1742,6315,23651,22817,0
52,50000,1,3,1,56,0,0,0,-1,0,1,29082,28592,38488,35914,36394,32606,1164,6263,3739,2363,2693,7263,0
53,80000,2,2,1,64,1,2,2,0,0,1,74171,69613,60978,54870,65336,57028,15640,13256,13487,14732,21069,12461,1
54,120000,2,2,1,48,0,0,-1,0,1,0,94682,122668,99378,132144,129824,93959,7182,33622,3825,33313,41636,2359,1
55,120000,1,2,1,64,-1,0,-1,0,0,0,86916,84374,122353,96615,112036,111803,7695,2582,17678,7861,21206,19040,0
56,20000,1,2,1,54,0,0,0,-1,-1,0,2214,2389,2272,2138,2290,2159,214,293,466,256,695,73,0
57,120000,2,2,2,55,-1,-1,-1,-1,-1,-1,24689,33936,24606,24040,34845,34901,610,7705,6400,5917,8878,11049,0
58,50000,1,2,2,29,0,1,-1,1,1,0,27088,25302,22488,22587,29371,28260,8513,8387,5686,4136,4045,662,0
59,300000,2,2,3,47,2,0,1,1,2,2,100293,95194,86217,97922,77076,70062,28623,14270,5940,30830,15829,8499,1
60,200000,2,3,2,55,3,3,3,2,2,1,12992,9644,13442,12321,10621,13564,393,3296,602,3650,621,4725,1
61,500000,1,4,2,56,1,1,0,-1,-1,0,422822,451440,310707,430329,390209,328549,16407,121547,44803,77781,71642,92772,0
62,300000,1,1,1,66,0,1,0,0,-1,1,93490,114072,126918,128212,134214,131984,26022,20534,12624,30779,39444,35639,1
63,80000,2,2,2,36,-1,-1,-1,-1,-1,-1,9846,8560,7766,8180,9609,8003,219,1383,938,1900,2047,2042,1
64,500000,2,1,1,35,0,0,0,0,0,-1,255708,274203,236775,312956,245630,274014,44689,17196,31495,15768,35879,10113,0
65,80000,1,2,1,66,0,0,0,0,0,0,86041,74443,85164,90649,84682,89319,4767,16601,12865,14544,20236,10281,0
66,80000,2,2,1,67,3,2,2,2,2,2,60807,60771,61274,52365,44634,45716,13088,2265,11711,8648,15280,12960,1
67,500000,2,1,1,29,-1,0,-1,-1,0,1,85603,79198,100601,109011,91701,105359,29914,12797,2320,34461,3876,33244,0
68,80000,2,3,1,38,0,0,1,1,-1,0,43366,37277,37967,48611,48955,37042,3329,3669,4493,15173,6316,5019,0
69,20000,2,2,2,65,1,0,0,-1,0,-1,21341,15963,14632,18149,15689,19811,7164,5356,1569,708,1121,2092,1
70,120000,1,3,2,30,0,-1,0,-1,0,-1,10423,12138,12608,9766,10839,9952,3185,1697,1234,2919,3639,973,0
71,300000,1,1,2,57,2,2,2,2,2,1,214288,228145,205178,184219,157935,159585,74000,41397,57499,40869,31610,32054,1
72,50000,2,1,2,26,0,-1,-1,-1,-1,0,43659,30458,35755,44113,29860,31813,11912,4383,3680,1118,1874,3696,0
73,120000,1,2,2,29,-1,-1,-1,-1,0,-1,81737,98767,76646,94040,74306,90917,24750,6447,5351,13724,16497,2458,1
74,20000,2,1,1,57,-1,-1,-1,-1,-1,-1,3596,4247,4160,4179,3166,4497,777,579,1252,1308,586,669,0
75,200000,2,2,2,49,0,1,1,1,1,1,179921,152342,151921,213620,182647,217889,55092,42209,22236,29525,7228,44173,1
76,120000,1,4,2,47,1,-1,0,1,1,0,47722,36411,44896,37422,49267,46646,2710,8192,3624,9102,15040,10695,1
77,80000,2,1,1,61,1,0,0,0,0,0,7302,7035,8048,8886,6240,8455,1933,1156,2156,1836,1585,1125,1
78,50000,1,1,1,35,-1,0,0,1,1,0,6158,5238,5507,6237,7108,7118,1400,1523,1304,1338,154,879,0
79,120000,2,2,3,44,-1,-1,-1,-1,0,-1,51646,64102,57712,63786,62008,58759,2052,1369,19157,11396,20877,6679,0
80,200000,1,2,2,49,1,1,0,1,1,0,19659,16473,16579,15250,14268,14661,2284,4822,5134,2732,1035,3308,0
81,500000,2,2,2,55,-1,-1,-1,0,-1,-1,459345,382862,411531,369942,363641,422618,41945,15179,102522,117594,7304,48007,1
82,120000,2,2,2,36,0,-1,-1,0,-1,-1,109473,114723,122143,99341,92377,90163,16826,35241,8931,15552,14872,29083,0
83,50000,1,3,1,50,-1,-1,0,0,0,0,3352,2596,2883,2659,3158,3207,286,863,517,221,209,362,0
84,300000,2,1,2,42,-1,-1,-1,-1,-1,-1,265493,283726,204264,203788,269257,238330,29388,82373,12092,32302,56045,66972,0
85,200000,2,2,1,46,-1,-1,-1,0,-1,-1,233925,209803,185376,182578,182170,179172,27530,5552,37316,47810,22365,22488,0
86,200000,2,2,1,61,1,0,1,1,2,2,12619,13699,15345,15456,11993,16601,2750,2652,4949,2733,972,3809,0
87,20000,2,3,2,39,-1,0,0,0,0,-1,13201,15067,13840,17215,12865,12524,851,4422,294,4503,4440,3139,0
88,80000,2,2,1,52,1,0,1,-1,0,0,92822,72691,89050,65684,84608,95706,9241,14527,27524,6511,10982,7421,1
89,300000,1,2,2,65,0,0,-1,-1,0,0,235495,290489,213115,196252,203429,287125,29356,40313,42191,41666,31910,41744,0
90,300000,2,1,1,56,1,1,1,1,1,1,150850,154950,136335,164925,161366,165967,25371,27167,9531,50339,18895,10306,0
91,120000,1,1,2,67,-1,-1,-1,-1,-1,-1,118378,124499,95887,116028,112300,116564,3855,5805,28999,22587,33263,21974,0
92,300000,2,1,2,48,0,-1,-1,-1,-1,-1,228880,259136,250265,226958,233878,177264,80048,47624,49346,52234,19865,56743,0
93,300000,2,3,2,34,1,-1,0,0,0,0,91484,98967,104631,116032,82948,95114,10898,2888,17566,28312,5153,20616,0
94,80000,1,2,2,67,0,0,0,0,-1,0,19923,22683,20939,18519,20437,23968,2287,5275,3871,4890,6353,6029,1
95,500000,1,3,3,51,3,3,3,3,3,3,258696,276297,247090,266522,264605,216067,52543,41126,16958,36139,21303,24503,1
96,80000,2,1,2,32,1,0,0,0,0,1,27404,26956,37615,37580,36541,29521,8271,2241,2151,8525,11076,5151,0
97,50000,1,3,2,35,-1,-1,-1,-1,-1,-1,16091,21308,20849,18891,17817,16988,2747,548,4968,2972,3755,4492,0
98,200000,2,3,2,33,0,0,0,-1,1,0,43646,42254,41270,44327,41397,46011,4456,13702,12815,6605,12076,2913,0
99,200000,1,1,1,60,0,0,-1,1,0,1,190797,198495,188801,201154,145641,185516,39445,40410,47043,35567,6284,11161,0
100,20000,2,1,1,25,-1,0,0,-1,-1,-1,13978,15345,16836,13515,15570,11933,2507,3582,5008,2089,5262,1122,1
101,300000,1,1,1,55,1,0,0,-1,0,0,103717,91612,100671,93875,114007,96501,16554,25393,30077,2678,13557,9470,0
102,50000,1,3,1,47,0,-1,-1,-1,-1,-1,14445,13173,12691,11604,14807,15399,4978,2987,388,3073,582,5198,0
103,300000,2,1,1,24,1,1,2,1,1,1,43252,44026,51043,56578,53258,43945,15080,6882,14006,12041,14508,3179,0
104,20000,2,2,1,49,1,1,1,1,1,0,2895,2639,2929,3475,3497,2781,594,599,804,227,275,152,0
105,300000,1,2,2,56,1,0,0,0,0,0,171114,210399,213994,173109,222973,167558,7262,21740,28994,18389,30294,10964,0
106,300000,2,3,1,55,4,3,2,3,3,3,47248,36171,45203,43781,41119,49077,9784,7423,7017,9703,8891,4267,1
107,300000,2,2,2,45,3,3,3,3,2,3,245360,344530,256917,300242,253497,235457,82027,30264,68342,57329,10809,33358,1
108,200000,2,2,1,36,-1,-1,0,-1,0,-1,61179,61231,58894,53461,73142,57532,19912,19762,20351,13831,6336,4893,0
109,120000,1,4,2,28,0,0,1,0,0,0,8547,8196,8794,9378,8931,8336,778,1542,3042,1701,1620,408,0
110,200000,2,1,1,21,1,0,0,-1,0,1,196544,159489,142426,167774,206068,139138,16261,15497,25119,50119,32811,9055,1
111,50000,2,3,2,37,-1,0,-1,-1,0,-1,21663,16582,18622,22767,19853,23487,1521,3831,5224,1037,4049,6590,0
112,300000,2,1,1,50,0,0,0,0,0,0,132024,116115,90447,123824,132893,128723,38356,5783,15719,27532,34611,24666,1
113,120000,2,2,2,22,0,0,1,0,0,1,20314,17773,21382,17396,16090,20067,3691,2901,6537,2480,2196,5340,0
114,120000,2,3,1,67,2,2,1,1,2,3,76610,85574,69044,88591,84475,79543,10078,26165,16184,10742,12963,6229,0
115,120000,1,2,3,48,0,0,0,0,1,-1,41680,47732,38794,51186,46629,40253,5301,13049,12766,16963,5123,4858,0
116,120000,2,2,1,34,1,2,1,1,0,1,82514,88947,111804,92733,80350,102458,9149,22426,39029,28288,10614,35262,0
117,20000,2,2,2,66,0,-1,0,0,-1,-1,11856,12814,10877,11732,11415,11656,3690,2246,1402,945,420,562,0
118,20000,2,2,1,29,-1,-1,-1,-1,0,0,15225,16445,19126,20117,15344,18796,2362,2754,6563,783,3244,3096,0
119,50000,1,2,2,66,2,2,3,1,1,2,30466,28801,30603,34436,26500,27590,3062,683,7605,10544,2040,3244,1
120,20000,1,2,2,34,0,0,-1,-1,-1,-1,17162,17588,17919,17397,18722,17254,4366,3834,1766,1319,4799,386,1
121,120000,2,2,1,38,-1,-1,-1,-1,-1,-1,92283,68968,74828,79291,101653,79629,21197,14511,1573,25874,3448,16109,0
122,200000,1,2,1,40,0,1,0,0,0,0,90685,88757,81541,106491,113124,97876,23221,1929,20031,11875,4497,19722,1
123,200000,2,2,1,67,-1,1,1,0,0,-1,141803,143076,125967,153434,168955,122203,41299,9332,11763,23912,19252,15367,1
124,120000,1,2,1,32,-1,0,0,1,1,0,72619,81116,96054,76436,92730,73913,3878,1955,9255,2663,15270,12997,0
125,300000,2,2,3,66,-1,0,-1,0,-1,-1,15078,17712,17043,13677,17664,14760,311,1834,3446,2699,4396,2204,0
126,120000,2,1,1,37,-1,1,0,0,0,0,86289,97756,78578,83584,75548,84505,3165,2079,2373,6877,18767,14635,0
127,20000,1,3,1,34,1,0,0,0,0,1,5450,6517,5225,6487,5345,7105,1380,1027,822,1052,1823,2130,0
128,300000,1,2,3,50,0,-1,-1,-1,-1,-1,153260,170531,146299,148792,194135,158412,50328,30219,41518,48119,26410,40491,0
129,200000,2,1,1,53,-1,0,1,-1,1,-1,35971,29323,26815,34699,29933,25163,4649,4815,777,3586,1184,2830,1
130,200000,2,2,1,37,0,-1,-1,0,-1,-1,13377,10738,11626,11891,14325,13309,3716,921,2626,2729,4357,1318,0
131,120000,1,3,2,27,0,-1,-1,0,-1,0,7170,7896,8082,7946,7169,6497,1868,1522,584,688,1871,1684,0
132,120000,2,1,2,39,0,0,0,-1,1,-1,18890,22869,19005,20283,21692,27075,6474,6601,5791,4487,921,2547,0
133,20000,2,1,2,46,2,1,2,1,2,1,1097,1167,1449,1378,1149,1112,192,135,215,159,54,355,1
134,120000,2,1,2,22,0,0,0,0,-1,0,19363,21418,16773,21046,22581,23464,1448,2637,4830,5154,4003,6917,0
135,300000,1,1,3,24,-1,-1,0,1,0,0,207127,192333,197410,185861,176827,186009,56447,38299,51101,50982,23472,19220,0
136,80000,1,3,1,64,-1,0,-1,0,0,0,29862,34637,33301,40830,32390,30037,8666,3364,10312,12682,7022,8545,0
137,200000,1,4,3,22,2,2,3,2,1,1,182000,169854,164135,162188,206792,190056,46120,22330,31278,52408,19091,15802,1
138,20000,1,1,2,40,0,-1,0,-1,-1,-1,19666,19215,18408,14134,15915,16392,5995,3253,3321,1408,5356,462,0
139,80000,1,3,2,56,-1,-1,-1,0,0,-1,14689,12509,13359,12309,14654,14930,2093,1844,432,770,2769,5033,0
140,120000,2,1,1,36,0,-1,0,0,-1,0,49511,63417,61462,53808,57188,51191,12269,18391,12056,1937,15311,13885,0
141,500000,1,2,1,44,-1,-1,-1,-1,-1,-1,241602,224004,252414,257050,225424,237041,25868,67238,48527,66246,13865,42993,0
142,50000,2,3,2,25,0,0,0,-1,-1,0,19585,23118,23394,16121,23144,21314,3277,3535,5149,1316,5174,6357,1
143,50000,1,2,2,58,-1,-1,-1,0,-1,-1,30802,30356,29494,28947,25883,26102,3080,5092,1865,8222,7907,1175,0
144,80000,1,1,2,50,0,0,1,-1,-1,0,45897,53015,49373,53605,65255,57337,3258,17801,9785,18139,1800,15142,1
145,500000,2,2,2,61,0,-1,0,0,0,0,368690,369942,318308,388625,376240,377813,11748,68816,54058,26748,74569,126789,0
146,300000,2,4,2,61,0,0,0,-1,0,-1,105966,97163,125379,110783,134413,116132,25598,33783,27166,12573,13633,33693,0
147,20000,1,2,1,37,0,1,1,1,1,2,16219,12035,13384,17247,15968,13963,5009,3270,3185,3327,2840,2268,0
148,50000,1,1,1,22,0,0,0,0,0,1,18360,15190,16418,16483,16792,14492,2272,1628,2286,2671,4857,1946,1
149,300000,1,1,1,37,2,2,2,2,1,2,289898,265536,227672,304221,257690,216858,46861,25385,42423,48845,63835,68201,1
150,20000,2,2,1,27,1,0,1,1,1,2,22290,15623,20706,20464,19840,17823,471,1132,3113,1875,5336,2070,1
151,300000,2,2,1,46,1,1,1,0,1,0,106800,98826,92027,92192,86499,94543,16686,28267,25087,28896,7772,31138,0
152,50000,1,3,2,27,1,1,1,2,1,2,34236,47551,32842,44799,35386,44173,3863,5766,9288,10972,10429,5545,0
153,500000,1,3,2,64,0,0,0,1,-1,1,339250,472599,490675,411180,336317,366617,71068,114847,57247,29101,74870,22457,0
154,80000,2,3,2,49,-1,1,-1,0,0,0,38658,36870,46968,38131,45344,44627,12363,7309,4962,818,1943,4366,0
155,120000,2,3,1,32,0,0,0,0,0,0,15354,15557,14176,15251,13076,12794,2871,4551,3456,4143,3984,2449,0
156,200000,2,1,2,64,-1,0,-1,-1,-1,-1,147450,139048,136372,183905,165350,138214,35819,37232,37560,4640,6349,8744,0
157,20000,2,2,2,57,0,0,0,1,1,0,9563,7893,9539,9529,7456,8113,2417,323,224,2959,219,1179,0
158,120000,1,2,2,41,-1,-1,-1,-1,-1,-1,31887,34236,26010,25461,24205,28928,2241,4508,4189,4957,7143,9226,1
159,120000,1,2,2,27,-1,-1,-1,-1,-1,-1,92281,93084,80902,88141,78671,67720,12399,17837,9833,28815,1911,3452,0
160,300000,1,4,2,37,2,2,2,3,1,1,133751,124947,154840,135469,160078,117674,7669,35634,42263,37215,7873,26217,1
161,500000,2,2,2,48,0,0,-1,-1,0,-1,71336,56645,58191,53337,60332,65704,11802,14480,3920,16808,1544,10068,1
162,200000,2,4,2,56,1,1,0,0,0,0,217220,188904,181041,170148,231328,191133,67947,38026,50116,45167,71825,44660,1
163,80000,2,2,2,33,0,0,1,-1,1,0,26706,21855,18421,18462,17963,21587,4772,6267,4389,3882,624,3919,1
164,80000,2,2,1,55,1,0,0,0,0,0,47533,35804,39756,45870,42257,39552,8105,5854,11853,3537,6042,12233,1
165,80000,2,2,1,34,1,2,2,1,2,2,50130,47147,57020,49559,47126,52054,4465,1808,19773,12891,4317,7955,0
166,300000,2,1,1,32,0,0,0,-1,0,0,37368,44963,39974,38872,42941,40498,4572,13816,7085,8375,5700,7604,0
167,80000,1,1,2,42,0,0,0,0,0,0,71751,54038,71387,57187,48921,54888,23611,10471,17904,9723,5669,3454,1
168,50000,1,2,2,28,0,-1,-1,1,1,0,36271,37992,36356,38287,27181,33950,4352,10895,9244,7823,8507,6172,0
169,80000,1,1,2,40,0,-1,-1,0,0,-1,46710,45696,36601,43656,45053,41889,12208,6826,10933,4219,12329,2423,0
170,20000,2,4,1,37,0,0,-1,0,0,0,12340,11205,11180,10984,11728,12838,418,2400,2135,1685,3659,2727,0
171,20000,1,1,1,34,4,2,3,3,4,3,21070,18735,18418,21050,17008,21816,1313,2421,1022,1283,4381,3513,1
172,20000,2,1,2,57,-1,0,0,1,1,0,20261,20847,17543,15286,21363,14780,2487,3234,6020,2372,2756,4116,1
173,300000,2,3,1,36,1,-1,0,0,0,0,53269,39386,46551,52420,48878,40546,16911,2703,1804,9125,3975,6410,1
174,300000,2,1,2,53,0,-1,0,0,0,1,139413,138135,100855,104184,111764,138149,12877,36568,34046,31574,21774,31511,0
175,200000,1,3,1,54,0,1,1,1,0,-1,103000,88707,95904,87508,104230,100208,26762,9978,9999,16973,14352,3954,1
176,120000,1,3,2,52,3,4,3,3,4,4,90586,130391,95881,105368,102254,110512,6819,15591,17500,33710,23756,28103,1
177,300000,1,1,2,33,0,0,0,0,0,0,202977,212946,216448,204945,281823,266329,45109,29148,72232,69560,9257,89474,0
178,50000,2,2,2,59,1,0,0,1,0,-1,20343,23382,22077,18018,20736,21147,4346,3801,5371,651,5293,3547,1
179,500000,2,2,1,32,1,0,-1,0,0,0,508440,361927,537348,491227,382957,359564,114522,76053,114581,106624,45516,8359,0
180,120000,2,3,2,34,1,-1,0,0,-1,0,55730,55093,51884,47062,43089,43184,6379,13515,6617,5588,7434,9466,0
181,500000,1,3,2,62,0,-1,-1,-1,-1,-1,146558,157511,181932,122329,139987,128031,10771,38271,21193,36813,48007,8694,0
182,50000,1,3,2,36,0,-1,1,0,-1,0,29035,25470,32510,33352,30316,27345,9074,4070,1001,6104,2762,4769,1
183,120000,1,2,2,53,1,1,1,2,0,1,46479,51441,42338,50197,48074,39817,9663,9209,9038,2297,2828,1222,0
184,200000,2,2,1,22,1,1,1,0,0,0,145664,108073,147709,149234,152433,134877,13106,7165,23919,13573,13602,22406,0
185,120000,2,2,2,49,-1,-1,-1,-1,-1,0,55438,53407,43467,45305,47562,50603,8670,10259,4086,10981,6468,15615,0
186,120000,1,4,1,61,2,2,1,1,0,1,83162,90632,81709,111042,90492,80315,3504,28044,11994,5138,17823,5194,0
187,50000,2,2,1,54,0,0,1,-1,0,-1,45462,53101,56728,52130,38951,40074,8041,9130,18749,7563,13378,7391,1
188,80000,1,2,2,48,0,0,1,-1,0,0,24852,27749,25774,24932,23074,28693,3973,9144,7731,7669,7085,2977,0
189,50000,2,2,2,60,0,0,0,-1,0,0,27140,26349,31318,24184,28603,23040,1731,1881,5074,716,7320,2445,1
190,80000,1,3,1,35,0,0,1,-1,0,-1,67121,65397,50576,58281,70261,53444,11185,17211,17367,14555,18111,12414,0
191,200000,1,4,1,38,0,1,2,1,0,0,46052,45808,43478,34525,43037,40431,10640,11618,7499,8386,4891,10792,0
192,200000,2,1,1,24,-1,-1,-1,-1,-1,-1,136078,174219,144781,176065,137213,141691,44416,42667,19576,22156,44762,43666,0
193,200000,1,1,1,53,-1,-1,-1,-1,-1,-1,107636,112358,113392,130823,139845,106335,27129,26824,16783,7482,27696,11890,0
194,80000,1,2,2,55,0,0,0,0,0,0,14381,14809,17428,13175,17066,12460,2672,405,5378,708,1256,540,0
195,500000,2,2,1,56,-1,-1,-1,-1,-1,-1,403900,392221,424101,396199,385014,524279,110715,103899,45955,134646,128440,87005,0
196,20000,1,2,2,56,0,-1,-1,-1,0,0,8755,8937,9709,10547,10668,9474,983,1652,905,2566,1996,2017,0
197,80000,2,1,1,26,1,1,1,0,0,2,13958,15361,19748,16906,18564,17303,3359,2964,6654,2435,1323,4569,1
198,20000,2,2,1,52,0,-1,-1,-1,-1,-1,3831,5206,5324,4731,5160,5357,83,191,1396,1395,1355,1443,1
199,80000,2,2,2,56,-1,0,1,0,0,-1,72643,66797,51415,75721,62938,66400,3192,5488,13987,4096,6114,20251,0
200,500000,1,2,1,30,3,3,4,3,2,3,397125,497355,407633,416852,415654,427440,89753,159468,107735,25797,34054,12944,1
201,80000,2,2,1,43,-1,-1,0,1,1,-1,36854,27539,38088,34284,36528,32263,3078,3418,9345,2920,3956,11089,1
202,500000,1,3,3,63,0,1,0,0,0,0,55181,47883,61304,66366,59271,59274,13645,7181,3072,18049,12496,20096,0
203,120000,1,2,3,40,0,0,-1,0,-1,0,15605,18849,16761,15674,20053,16206,3591,1553,4503,2428,2337,514,0
204,200000,1,3,2,56,-1,-1,-1,0,-1,-1,113219,137017,111306,124433,116053,148406,4643,31325,11369,28874,3884,18311,0
205,120000,2,2,1,45,-1,-1,-1,-1,-1,-1,38712,56370,38939,55702,45291,40566,5788,14905,2480,5386,6697,11059,0
206,50000,2,2,2,51,0,1,0,0,0,0,21381,23033,26811,19058,24833,19601,4752,7463,9233,5269,2417,3487,0
207,300000,2,2,3,50,0,0,1,0,-1,0,125263,97842,109292,95309,113640,104801,31998,20104,3190,27120,21452,2256,1
208,500000,2,1,3,51,0,0,0,0,0,1,287224,265438,274089,237156,239351,203733,83096,29452,8343,37085,41085,27922,0
209,50000,2,2,1,57,-1,-1,-1,-1,0,-1,27343,35824,29444,37115,35832,39622,3528,1555,3600,3305,1639,8362,0
210,300000,2,2,1,63,1,1,1,0,0,1,137597,139943,151565,166329,185188,169093,40744,15088,45255,37909,18695,52463,1
211,50000,2,3,1,34,-1,0,0,-1,-1,-1,8714,10873,10334,9165,10403,8275,1192,2436,3541,957,1174,2429,0
212,300000,2,2,1,64,1,1,1,0,1,1,171492,137163,178295,150043,143770,161673,3825,46834,10539,10343,25873,53721,1
213,300000,1,1,2,50,0,-1,0,0,1,0,128877,131778,133769,142939,153068,162557,28520,6079,20131,31905,44593,28352,0
214,120000,1,2,1,48,0,-1,-1,1,0,0,60930,55484,63606,74483,69518,65762,6077,8220,16685,14096,6405,18638,0
215,300000,2,1,1,36,0,-1,0,0,0,0,52094,47377,45993,51730,50448,44729,3180,11379,10717,14408,3642,2381,0
216,50000,2,3,1,40,-1,-1,-1,-1,-1,-1,11012,10463,7814,8891,10163,10344,1159,2193,758,1035,206,1976,0
217,20000,2,3,2,51,0,1,0,0,0,0,11837,9887,10544,12006,11067,9902,3470,2324,1356,1132,2436,3193,0
218,20000,1,2,1,38,1,1,0,0,0,0,5346,6899,6316,6674,4987,6418,1719,1192,1365,1544,635,1904,0
219,120000,2,2,1,34,-1,-1,-1,0,-1,-1,74199,86068,62472,86221,67524,81983,25031,9305,1979,21671,16283,19376,0
220,500000,1,2,1,59,0,-1,0,0,-1,0,180022,193997,212371,207320,188106,225786,21590,34785,57385,32426,46602,15632,0
221,20000,1,2,3,40,0,1,-1,0,0,0,5476,4239,4203,4129,5331,5925,933,618,466,685,185,474,0
222,120000,1,3,1,51,0,-1,-1,-1,-1,-1,90140,73936,88195,86117,90543,95359,25674,18784,25872,5233,14312,23263,0
223,200000,1,3,2,22,-1,0,-1,0,0,0,72470,73258,94783,88376,100137,71935,9052,5614,23279,15457,33989,9167,0
224,50000,2,2,1,24,-1,-1,-1,-1,-1,-1,11328,11566,11096,10208,10162,11008,1666,2125,2585,3442,1125,1416,1
225,300000,1,2,1,60,1,-1,1,-1,1,0,243000,278019,263776,225089,269248,263977,23887,93550,72071,12947,52436,79118,0
226,80000,2,1,1,27,-1,0,0,-1,0,-1,41081,30548,37650,30835,38530,34845,8581,5971,1686,6396,7608,932,0
227,300000,2,1,1,58,-1,1,0,-1,0,0,227609,278844,256002,242888,269616,324258,54070,27404,27082,6331,28574,48486,0
228,200000,1,1,1,63,0,0,0,0,0,0,43415,41692,44593,40760,47996,52602,5430,13709,8569,5191,13302,5187,0
229,120000,2,2,2,43,0,0,0,1,-1,-1,85804,86542,88882,92568,102238,118152,2402,8703,24572,25102,2169,3419,0
230,50000,1,4,2,62,-1,0,1,0,1,0,45075,38506,44887,37217,40684,34115,11847,10315,13474,7709,3858,3120,0
231,120000,2,2,1,41,2,1,2,2,2,2,14350,14682,13972,14275,20088,15023,3206,824,2041,667,4329,1213,0
232,300000,2,1,2,65,0,0,-1,1,0,1,155868,148165,160877,151271,170904,194533,14381,44625,45351,25580,55151,36275,1
233,20000,2,1,2,32,1,1,1,0,1,1,14975,12524,13491,16138,11307,16054,1854,996,1250,743,261,2626,0
234,300000,2,2,1,41,0,1,1,-1,0,0,171750,150503,165572,156906,157680,142281,57681,22587,7815,22479,34419,24993,0
235,120000,1,3,1,39,1,-1,0,1,1,-1,53149,49690,47168,47193,59449,45844,12116,16827,4781,12919,1255,14198,0
236,300000,2,2,1,57,-1,-1,-1,0,-1,0,307828,287967,279122,310853,239958,298263,66647,60818,88771,32708,54117,54630,0
237,200000,1,3,1,23,0,0,0,0,0,0,152348,136187,148678,141903,170733,119304,35207,14588,29666,24069,26604,27543,0
238,120000,1,3,2,59,0,0,0,0,0,0,123408,116730,136580,94824,139592,121261,41337,2358,24426,17553,22805,28334,1
239,80000,1,1,3,22,0,1,1,2,2,1,64530,66403,73382,69961,70327,81531,8527,1476,19468,21098,23860,15537,1
240,200000,2,2,3,35,0,1,0,0,0,0,134708,196895,149737,153034,154918,152561,15181,21779,3493,9196,37976,18395,0
241,20000,2,4,3,49,0,0,1,0,0,0,14498,12276,16905,15266,11926,16284,2092,2379,998,3078,1011,5179,0
242,200000,2,2,1,27,-1,-1,-1,-1,-1,-1,108916,137696,109428,115719,107321,134446,30966,24787,5785,3490,37468,22129,0
243,20000,2,1,1,44,-1,-1,-1,-1,-1,-1,17723,15747,16312,17821,17143,16420,1061,5105,981,905,1794,3423,0
244,200000,1,4,1,67,2,1,1,2,1,2,125009,120512,106951,111288,141192,122391,11032,32797,18143,10331,34782,25031,0
245,200000,2,3,1,59,-1,-1,-1,0,-1,0,20256,23675,22750,21372,27355,23717,1930,7698,2562,5503,6688,6951,0
246,20000,2,2,1,22,-1,-1,-1,-1,0,0,13463,13345,12751,12994,10419,13354,3096,2520,3561,436,3129,2623,0
247,300000,2,2,1,48,2,2,2,2,3,2,46316,51000,43349,38154,42608,43517,10732,8537,12869,12662,6460,7431,0
248,80000,1,1,2,49,3,3,4,3,3,3,78420,76400,86132,74057,76649,89621,11192,15800,28012,11932,19136,15398,1
249,300000,2,3,1,24,0,0,0,0,-1,0,233897,180423,205245,165727,190282,169229,25996,25765,17384,49180,43110,46941,1
250,20000,1,2,1,51,0,1,-1,0,0,-1,10586,12920,10333,12437,11756,13689,2848,1157,1921,1159,1928,1764,1
251,50000,1,1,2,45,2,1,1,0,1,1,10593,10403,11878,11890,13698,11944,322,3080,428,1563,4414,3923,1
252,120000,2,2,1,53,-1,-1,-1,-1,-1,-1,56613,65024,70926,72957,63227,62016,14933,15903,7033,18962,6521,18566,0
253,50000,1,4,2,34,1,0,0,0,1,1,19003,21261,18693,18933,15966,15505,1698,2710,4168,2747,1500,1017,0
254,80000,1,3,1,33,1,0,-1,-1,-1,0,48963,53368,54216,66477,59178,50981,15566,8927,8641,12462,13494,6356,0
255,200000,2,2,2,55,2,3,2,1,2,1,143558,127950,126554,112145,101649,121993,22469,12078,31376,32191,8415,38898,0
256,50000,1,1,1,54,3,2,2,3,3,1,24164,22227,26720,28755,30831,30800,5605,4572,7934,6753,9061,3445,1
257,200000,2,4,2,28,-1,0,1,0,1,0,57194,47207,53052,55848,67502,63290,3427,6526,2103,16522,8916,7900,0
258,20000,1,4,1,31,-1,0,-1,-1,-1,-1,11125,13134,12553,10450,9201,9056,1154,4057,4139,507,1462,830,1
259,50000,2,2,1,48,0,0,1,0,0,0,22528,21271,21552,26667,24903,22726,5659,4134,732,5884,6105,862,0
260,200000,2,2,2,59,0,0,1,0,0,-1,189080,161263,140361,204073,193152,172027,38121,25136,48277,44569,60279,30601,0
261,300000,2,2,1,30,2,3,2,2,2,2,292213,271873,297577,299106,267520,309365,80141,72691,68567,65905,66261,83250,1
262,50000,2,2,1,31,0,-1,-1,-1,-1,0,42766,36781,44028,36094,38397,43008,8806,11721,1509,7735,1961,10227,0
263,80000,2,1,2,58,-1,-1,-1,-1,-1,-1,29303,23584,29717,28223,33399,24920,6091,6833,4454,7305,4393,725,0
264,500000,2,1,1,53,0,1,1,0,0,0,39565,35331,39706,35656,35871,32975,11997,6476,4177,10644,9596,6354,0
265,500000,1,1,2,63,0,-1,0,0,0,-1,457646,465968,555997,489662,472109,398492,73290,64129,157641,46893,150866,51403,0
266,200000,1,3,2,57,0,1,1,0,1,0,217010,194823,189388,191930,168954,199975,68437,46465,17878,10461,38717,46352,1
267,120000,2,1,1,65,-1,-1,-1,-1,-1,-1,18941,22297,19171,17754,18346,16652,2705,6456,5610,788,3976,2559,0
268,80000,2,1,2,29,1,2,1,0,1,0,54879,52054,58344,45508,64193,50657,7048,17851,7180,3289,9317,17404,0
269,200000,1,2,1,33,0,0,-1,-1,-1,-1,78403,106546,88069,106002,98434,102235,21734,18207,30508,25065,17497,29994,0
270,200000,2,1,2,32,-1,0,-1,-1,-1,-1,40023,34096,38166,31049,39013,35875,952,8200,4169,4888,6344,9009,1
271,80000,2,1,1,23,-1,-1,-1,1,1,0,66755,74931,95349,74867,67943,96300,5128,8746,23459,10131,2595,18313,1
272,20000,2,2,1,57,-1,0,0,-1,0,0,22536,22225,16861,16506,21482,20768,984,1085,4789,5286,584,4466,0
273,50000,2,2,1,52,-1,1,0,0,0,-1,42425,56213,42520,49359,45480,44823,8018,5818,3887,15649,10175,7436,1
274,500000,2,2,2,25,0,-1,-1,-1,-1,-1,86859,84453,88338,80005,92400,73175,19739,2092,3975,15827,17394,20652,0
275,80000,2,3,2,30,-1,-1,-1,-1,0,-1,37038,39645,41444,45287,36966,41828,867,7457,8368,7757,3726,13373,0
276,120000,1,1,3,29,1,0,1,1,1,2,99608,123595,117982,96745,109613,117663,7299,17691,28721,10568,34485,41146,0
277,120000,2,3,2,39,-1,0,0,0,-1,-1,77319,69450,98384,72758,85299,82221,9265,16934,28501,12497,7521,17892,0
278,300000,1,3,2,42,1,-1,0,0,1,0,150722,127231,149077,122918,129770,161155,17648,28379,16400,19126,32593,39486,0
279,20000,2,3,2,34,1,1,1,1,0,2,9422,10957,12930,9945,10846,11981,490,826,3980,221,3038,1820,1
280,20000,1,2,2,64,-1,0,-1,-1,-1,0,1465,1830,1453,1709,1557,1631,112,443,468,461,462,37,0
281,50000,2,2,2,31,1,2,1,0,1,1,26573,32433,27935,27944,34114,25532,7959,2654,7741,4603,10133,6435,0
282,120000,2,2,1,47,0,1,0,1,1,-1,97498,104119,96456,112779,106382,97782,24490,2286,2170,10549,30008,32095,1
283,200000,2,2,2,41,0,0,0,1,0,1,10927,11004,10354,9028,10692,9266,1286,3743,505,2165,1829,2813,0
284,120000,2,1,2,39,-1,-1,-1,-1,-1,-1,22588,20085,20750,20850,19451,21355,2415,580,7247,3497,4393,6618,0
285,120000,1,4,1,59,1,1,2,1,2,1,72297,72368,57169,58310,52755,73867,3359,9608,14989,7203,15987,11279,1
286,500000,2,2,1,66,1,-1,1,0,0,-1,287368,248300,281535,295029,255481,283022,38834,57203,63863,28372,40543,72304,0
287,50000,1,3,1,21,0,1,0,0,0,1,18334,20453,17345,17802,15856,16494,2775,2908,5506,703,3827,3804,0
288,200000,1,2,2,42,4,3,2,3,3,2,15958,14370,14955,14204,14273,15704,5080,2095,494,2641,1036,3117,0
289,120000,2,1,1,26,0,0,-1,1,-1,0,73886,82556,105359,102530,80204,95083,19596,21340,28440,14753,16549,6659,0
290,120000,1,2,2,41,2,1,1,2,2,2,38169,33885,28493,27256,26860,29271,6798,7411,6725,907,1787,6143,0
291,300000,1,2,2,50,0,0,1,0,0,0,198067,229485,202973,190767,181921,201856,12775,43846,60874,54958,43278,23927,0
292,50000,2,2,2,40,2,3,2,2,3,1,27363,28772,24306,28112,29203,31360,6472,8990,6725,8060,4215,7908,1
293,500000,2,2,1,35,1,2,2,2,2,2,266517,183975,203680,206378,248860,224487,87653,10243,36667,37500,23688,74485,0
294,80000,2,1,2,35,3,2,4,3,3,3,45816,40270,45214,47814,47746,45082,2096,7048,1963,14192,6638,11727,1
295,120000,1,2,2,35,-1,-1,-1,-1,-1,0,101869,90064,88233,87806,101356,92015,30564,8906,28243,15693,25487,9720,0
296,120000,1,2,1,36,1,1,1,1,1,1,83796,76421,72910,73768,62767,76688,6656,2456,19828,5587,20063,13307,0
297,300000,1,4,1,38,1,0,1,2,0,0,157947,167269,184074,185938,175089,140467,39711,57386,25330,35478,4153,28993,0
298,120000,2,1,1,53,1,1,0,-1,0,0,52070,49894,62711,46201,50126,49702,4200,13083,21616,5689,3778,12904,0
299,50000,2,2,1,25,0,0,1,0,-1,-1,25740,24859,20020,22516,25689,24222,5611,2270,2455,3811,6496,1666,0
300,20000,1,2,2,22,3,2,4,2,3,4,9068,9517,11331,11390,9036,9186,892,1454,1612,3876,1876,1776,1
301,80000,2,2,3,45,-1,-1,-1,-1,-1,-1,41864,31782,40869,37621,45383,45399,8320,3006,13962,5166,5687,13794,0
302,300000,1,2,2,53,0,0,0,0,0,0,119141,134835,116375,148649,152014,121024,25978,33169,27985,13563,35735,3522,0
303,20000,1,2,2,33,0,0,0,1,-1,0,4344,5001,4618,5102,5036,5413,973,678,1432,318,1541,1407,0
304,500000,1,4,2,30,-1,-1,-1,-1,-1,-1,370778,439747,300669,365471,375499,444595,90960,142282,94097,113915,39477,138066,0
305,120000,1,2,2,50,1,0,1,1,1,1,22632,21366,17228,17135,19472,19341,968,1890,3394,427,3510,5465,0
306,20000,2,2,2,39,-1,-1,-1,-1,-1,-1,20126,16224,16779,19346,14848,19125,5074,2197,1813,6180,398,6263,0
307,80000,2,1,1,55,0,1,0,0,-1,0,53861,58471,46309,52325,60183,43472,3825,19149,13876,2113,19991,12098,1
308,120000,1,2,3,27,1,2,1,2,1,2,9904,9989,12642,8743,12183,11429,2410,3116,2346,2346,3466,2182,1
309,80000,2,2,1,26,1,0,0,0,0,0,52406,64207,62786,47882,46320,64820,3193,7495,12948,5597,8647,11498,0
310,20000,2,1,2,46,-1,0,1,0,1,0,7038,7286,8078,6459,6649,9315,1254,1307,1604,661,2309,284,0
311,200000,2,2,3,39,-1,-1,-1,0,-1,-1,170985,218481,205378,193003,173319,181104,25243,68083,4757,15320,16061,4733,0
312,200000,2,2,2,55,1,1,1,1,1,2,175584,217585,226703,152300,208832,213176,59562,52505,7965,9806,55447,49248,0
313,20000,1,3,1,44,2,2,2,2,2,2,17837,19657,16542,19509,17180,19400,4069,4527,3695,816,4706,2151,0
314,50000,2,2,2,37,-1,-1,-1,-1,-1,-1,26063,24077,29779,34797,31335,27475,1279,5729,8402,2476,9218,3333,0
315,50000,1,2,1,28,0,-1,-1,0,0,0,37928,52919,49229,55254,37253,52416,9531,17141,8409,11835,9167,15008,0
316,200000,2,2,2,28,0,1,-1,0,1,0,144141,145685,156352,119200,156521,115764,12117,27777,12951,24792,12974,6566,1
317,300000,1,1,1,56,0,1,0,1,0,0,214973,248199,297399,265301,230271,316736,24599,19852,45855,29913,11545,36001,1
318,300000,2,1,2,31,0,0,0,0,1,-1,70514,59105,49001,68625,55041,67984,10216,10402,13404,16769,4376,16728,0
319,500000,1,2,2,44,1,0,0,0,0,0,429643,482588,495940,491257,538753,458948,118647,125730,27695,134593,163374,13808,0
320,300000,1,4,1,59,0,-1,0,1,0,-1,163864,240380,183901,187724,223178,194794,54328,43846,37674,64475,34069,37308,0
321,80000,2,1,1,63,0,0,1,0,1,0,30982,29860,24219,30439,26970,31641,10070,3684,6096,5026,5400,1525,0
322,20000,2,2,2,33,0,0,-1,0,1,0,20884,19508,20462,20676,22998,16637,1593,4679,3217,2969,652,4514,1
323,200000,2,3,1,26,2,1,2,1,2,2,158872,149175,152044,153944,116234,140884,6344,25147,33208,52517,21174,32320,1
324,500000,2,3,1,57,-1,-1,-1,-1,0,-1,447119,401369,396477,545243,381249,456653,131191,135554,123521,180426,59116,100839,0
325,500000,2,2,1,53,1,0,0,0,-1,1,23130,23815,22740,29451,21174,23397,2662,3243,2051,9597,4158,2176,0
326,50000,1,2,1,36,-1,-1,-1,-1,-1,-1,30554,32120,31255,28824,26059,24311,6487,8247,2018,6367,3748,6300,0
327,50000,2,2,2,48,1,1,1,1,1,1,35106,38033,31400,31467,39528,32850,12039,7727,1258,7043,1774,3927,0
328,20000,2,3,2,29,-1,-1,0,-1,0,-1,1165,1268,1298,1193,1154,1359,94,57,337,389,39,283,0
329,20000,2,1,1,53,0,-1,0,0,0,0,14171,15615,15280,16449,15094,17470,2036,2732,4846,2933,5032,879,1
330,120000,1,4,2,55,0,0,0,0,-1,0,75103,76633,83260,82815,89590,91383,23004,2270,20634,7490,19643,4725,0
331,120000,1,1,1,35,1,0,0,0,0,1,30803,40572,30777,35831,34279,37125,7223,11386,10532,12366,7963,3119,1
332,80000,2,3,1,43,2,1,1,2,1,2,62913,47359,66829,58393,47172,60209,20723,12426,16952,17394,15193,5495,0
333,80000,2,1,2,36,-1,0,0,0,0,-1,12758,16179,15792,13764,13018,13606,2914,593,1819,529,2626,839,0
334,300000,2,1,1,22,0,0,0,0,1,0,298768,296094,219941,295724,277820,268877,35905,54747,22949,16889,61990,15869,0
335,120000,2,1,2,26,1,1,1,0,1,1,95180,121319,112168,119518,104207,120608,27191,40921,26920,37181,20070,37398,0
336,300000,2,2,2,66,0,1,-1,0,0,-1,151776,176871,171281,146787,182566,137521,41064,20151,41624,17520,14253,27920,0
337,500000,2,2,2,42,0,0,0,-1,0,0,245383,267258,225846,273624,303985,314071,80508,85100,43556,68353,37328,70765,0
338,80000,2,1,2,27,0,0,0,0,0,0,37131,34429,35525,35368,38468,40159,6577,2405,6887,2082,11995,4617,1
339,50000,2,2,1,23,-1,-1,-1,-1,-1,0,21126,21214,21443,18887,20861,18199,3928,470,3377,1440,3472,697,0
340,500000,2,2,1,37,0,0,0,0,0,0,439661,403640,443144,363830,456298,526249,55776,78738,60034,97008,39866,178677,0
341,200000,1,3,1,67,3,1,2,2,1,2,63848,76877,78869,73172,78259,77756,6939,7607,18079,25110,22949,2941,1
342,80000,2,3,2,39,2,1,2,3,2,3,37898,30389,28275,37712,35760,28168,13220,9424,7540,7004,1745,8210,0
343,200000,1,2,2,67,1,3,2,1,2,2,58278,76565,77632,66063,63094,54307,19959,18558,22390,2256,14577,13005,0
344,120000,1,1,1,44,0,0,0,1,0,-1,84327,82433,96581,94127,71235,87824,16425,20334,11742,9160,17882,13567,0
345,500000,2,2,1,56,-1,0,0,0,0,0,452379,470514,356780,493800,465530,460661,151627,113950,108122,44536,55976,122709,0
346,50000,1,3,1,57,0,0,1,0,-1,1,9164,10068,9817,11359,9575,9081,1260,2457,1177,3733,718,2473,0
347,500000,1,1,2,22,2,2,2,1,2,2,153467,150735,151448,169195,161280,144396,46116,40178,18266,26786,27084,44739,1
348,500000,2,2,2,21,1,2,0,0,1,1,78749,84264,83298,71617,85882,73106,18073,20312,23821,23829,23116,14608,1
349,50000,2,4,2,64,0,0,0,1,1,0,8381,9572,8548,11536,9495,9680,2150,2826,2905,3503,2968,876,1
350,50000,1,4,2,64,0,-1,0,0,0,0,20235,19333,20323,25556,20381,18016,5200,3947,6658,4312,5891,3764,1
351,120000,1,2,1,27,1,1,1,2,1,0,91308,79343,106168,99552,82345,84197,20984,10768,6015,2807,4623,4443,0
352,20000,1,2,2,51,3,2,2,2,2,2,12548,11707,10894,9722,11189,12722,3780,2037,1254,3315,1046,1833,1
353,80000,2,2,2,64,1,1,1,1,1,2,7807,7940,7921,6544,8070,6304,1166,1312,2144,152,1804,1395,0
354,120000,2,3,1,65,0,0,0,0,0,0,75884,81186,79306,76589,71647,81231,22782,10532,22686,23169,18217,8376,1
355,500000,1,1,2,34,0,0,1,0,0,-1,375284,329707,481196,442742,402295,426328,30220,51798,89698,69230,9205,130233,0
356,500000,2,1,1,59,0,0,0,0,0,0,169328,171301,180943,211349,214363,249801,14559,25189,4580,25241,14372,85456,0
357,50000,1,2,2,51,0,1,0,1,1,-1,11296,16189,16486,15655,12721,16704,2899,917,3059,2422,649,752,0
358,500000,1,1,2,64,2,2,2,2,2,2,349079,419980,399515,431555,315279,458861,93393,123508,12096,59459,41795,40354,1
359,20000,2,2,2,27,1,0,0,1,0,0,1130,1128,1551,1176,1183,1357,359,304,175,290,289,238,0
360,300000,1,2,2,49,0,-1,0,1,1,0,210794,206324,210630,212105,278775,203056,23323,27108,49869,44329,92345,6603,0
361,300000,1,3,1,22,0,0,0,-1,0,1,255438,212168,259242,265555,223573,223498,9835,70417,16700,27824,11076,11323,1
362,500000,2,3,2,37,-1,0,0,0,1,0,468167,504367,510331,416942,361858,444815,87765,168100,130196,80918,67671,141100,1
363,50000,2,2,2,21,-1,0,0,-1,0,0,5311,7073,7238,7614,6298,5296,1640,2141,1628,1169,900,185,1
364,500000,2,3,2,41,-1,-1,-1,-1,-1,0,76504,77823,59280,84602,79115,60081,26056,2310,9591,27395,11981,6108,0
365,20000,2,2,2,59,2,2,2,3,1,2,15171,18670,17337,17330,19460,16431,4598,2660,2475,5450,826,2625,0
366,120000,1,2,1,51,0,0,0,1,-1,1,57189,68776,50889,62079,58071,57432,10390,11755,16378,13888,6686,1536,0
367,120000,1,1,2,35,-1,0,-1,1,0,0,60469,47196,43543,57585,52018,52200,18437,12137,8819,19496,5374,15007,0
368,80000,2,3,2,41,-1,-1,-1,-1,0,-1,48062,44255,51574,54720,52322,55892,4354,10155,16160,7868,13448,16426,0
369,20000,1,3,1,38,0,0,0,0,-1,0,1629,1942,2368,2048,2314,1915,527,473,369,100,536,287,1
370,300000,2,3,2,55,0,0,1,0,1,0,186871,237975,209672,236561,210133,163026,38693,65010,45337,8451,48326,14116,0
371,80000,2,3,3,33,1,3,2,3,2,3,81485,77946,64140,76911,82094,77493,12099,25954,21488,22691,15709,24369,1
372,200000,1,4,2,25,-1,-1,-1,-1,-1,-1,123532,141430,124610,113343,116540,130938,26181,28568,7594,16610,15486,31938,1
373,80000,2,1,2,44,3,3,3,2,4,4,46564,44132,37366,40253,38019,45569,12978,14048,3987,12232,3819,8789,1
374,80000,1,4,1,60,-1,1,0,-1,1,0,75172,67509,65875,86073,89543,75364,7460,19502,21245,14751,2124,11266,0
375,500000,2,2,3,43,0,0,1,0,0,0,285558,339857,402387,421739,305286,328045,15311,44696,64084,9989,21008,64940,0
376,20000,2,2,1,30,-1,-1,-1,-1,-1,-1,2003,2082,1730,1660,1821,2148,524,600,189,322,168,219,0
377,300000,2,2,2,23,0,1,0,-1,-1,1,221161,246930,175986,201686,221307,206043,73937,14500,61440,43604,75672,34691,0
378,300000,2,2,2,65,2,1,2,3,2,1,29827,26165,33103,31414,35245,31031,6866,1894,1778,5308,11992,7644,1
379,80000,2,2,2,56,1,0,0,0,0,0,31807,26635,23103,31300,22366,23377,2132,9255,5124,9282,6113,3640,0
380,50000,2,1,2,28,1,-1,0,0,0,1,36932,36979,30675,34564,36532,30228,8579,5970,8590,8036,8088,7437,1
381,20000,2,1,2,24,0,0,-1,0,0,0,4299,5478,5056,4485,4463,4113,251,942,1413,629,1074,1084,0
382,500000,2,2,2,27,1,2,3,2,2,2,33490,42085,33494,46040,46063,44357,4024,14049,5553,11844,10050,11919,1
383,500000,1,3,1,38,0,0,0,0,0,1,295295,288246,326389,340240,368972,286774,8985,40183,11262,42690,86137,59599,0
384,50000,2,2,2,59,1,2,2,1,1,2,16634,13949,15817,18464,17701,13524,3008,1369,4706,5478,1634,1093,0
385,20000,2,2,2,28,-1,-1,0,-1,-1,-1,11587,10574,11884,12623,13022,11533,1460,483,3385,1419,4457,2896,1
386,20000,1,2,1,59,2,2,2,2,2,2,5362,5323,5239,5026,6990,6089,279,1024,515,1206,1885,1768,0
387,20000,2,2,2,21,0,1,0,0,1,0,16630,15827,13280,16683,16484,13050,2028,1359,1757,2618,1603,667,0
388,300000,2,1,2,55,-1,-1,0,-1,0,-1,250815,295750,289113,266790,273185,322017,58614,12239,54687,14244,51769,101650,0
389,500000,1,3,2,34,3,3,3,3,3,3,71265,72052,51732,75797,62611,66978,8223,20773,2983,17266,17558,22144,0
390,50000,2,1,2,66,-1,-1,-1,-1,-1,-1,45344,34762,33877,35017,33707,46856,3047,4464,9850,5126,10809,11269,0
391,300000,1,3,1,43,-1,-1,-1,-1,0,-1,48849,53773,53158,65025,51588,53555,9759,11356,17238,14910,7566,3033,0
392,50000,2,3,2,33,1,1,0,0,1,0,16110,19978,15199,16632,19139,18414,4326,1089,1849,3295,3437,4340,0
393,80000,2,2,1,32,-1,0,1,0,1,1,27483,26842,25303,25369,26393,29944,8078,5015,8221,855,3226,4117,0
394,200000,2,3,1,59,-1,-1,-1,-1,-1,-1,56599,41594,57913,58042,57040,46783,9949,9504,16463,5086,8229,5623,0
395,300000,1,2,2,39,0,0,0,-1,-1,0,32773,33218,34232,32110,31044,28544,8345,5595,8906,8064,2953,917,0
396,500000,1,3,1,37,1,1,2,1,1,2,444428,342578,396986,325983,327144,347780,131105,45004,134904,56827,9772,90142,1
397,20000,2,3,1,55,1,1,1,1,1,2,16010,13431,14568,18481,14441,18538,3875,1646,1852,3214,2272,3837,1
398,50000,2,3,2,46,-1,0,-1,-1,-1,-1,49301,46403,40282,48796,41109,57179,9564,2603,12977,1014,7206,9649,0
399,50000,2,2,1,52,1,0,-1,-1,0,1,54776,54251,51895,48607,40865,39715,2178,3156,2723,5829,11334,5888,0
400,80000,2,3,1,41,1,1,0,1,1,1,36093,30409,40276,44136,38264,29842,4176,5582,7158,10633,7364,4652,0
401,500000,1,4,1,24,-1,-1,-1,-1,-1,-1,94497,88343,102336,85403,78809,72367,11863,5814,20688,26706,10064,12267,0
402,300000,2,2,2,21,-1,-1,-1,-1,-1,-1,15724,16623,13108,13406,18167,17114,2364,1558,793,2807,3140,3038,0
403,80000,1,3,1,22,0,-1,-1,-1,-1,-1,37351,44974,37976,47824,42733,39803,12467,3345,10000,9488,12081,2079,0
404,500000,1,3,2,47,0,0,0,0,0,0,358078,436983,473021,472753,473339,481826,31843,124461,83634,82828,84592,70108,0
405,120000,2,2,2,45,0,-1,-1,0,-1,-1,31969,29203,33732,31765,39208,29038,6352,4917,5745,7747,7967,1194,0
406,120000,1,4,1,56,1,1,0,1,2,2,30737,23117,23302,28740,24115,30664,10668,4677,4937,8144,1859,8465,0
407,120000,1,2,2,63,3,3,3,3,3,3,53121,56199,51494,53022,46025,64596,11909,11935,3319,4921,1036,12424,1
408,50000,1,2,1,29,0,-1,-1,-1,-1,-1,44359,53653,37736,37053,51370,36960,3945,8091,3245,9471,16787,10490,0
409,500000,2,1,2,65,0,0,0,0,0,0,201143,230436,271550,221213,258463,274401,67757,27302,21622,22225,28024,44363,1
410,20000,2,1,1,64,-1,-1,0,-1,-1,-1,15514,14623,17016,17209,12864,17258,2031,2137,5685,524,1732,1217,0
411,50000,1,3,2,49,0,-1,-1,-1,-1,0,27413,29160,25785,22493,26206,24797,981,5729,7094,1004,1517,2947,0
412,50000,2,2,1,45,0,1,1,1,0,1,21140,22384,19214,17905,18762,18400,3432,3096,3739,633,3551,1788,1
413,50000,2,2,2,29,0,0,0,1,1,0,27943,25935,25922,27534,19256,23994,2777,1687,6159,3096,5068,3963,0
414,20000,1,1,1,29,3,3,2,3,1,2,12635,15696,16491,14929,13966,14479,3666,5046,3867,925,3441,4059,1
415,20000,1,2,2,21,1,1,1,0,1,0,12414,17848,17195,18110,16972,18065,1149,4670,1832,871,5131,1056,1
416,200000,2,3,1,51,0,-1,0,0,-1,-1,91863,94846,92264,105835,87848,93466,26690,3971,4482,7271,10064,14209,0
417,500000,2,3,1,41,1,0,0,1,-1,0,136588,160109,178288,148885,153369,168667,4362,51055,36215,4854,18993,8482,0
418,20000,2,1,1,30,-1,-1,-1,-1,-1,0,3818,3961,3254,3389,3036,3709,1247,302,347,451,1028,553,0
419,80000,2,2,2,27,3,2,2,2,2,2,4028,3470,3755,3082,3018,3300,136,181,1157,898,515,700,0
420,120000,1,2,2,23,0,1,-1,-1,1,-1,15416,21654,20590,16062,16419,18332,5082,1670,2015,3256,4850,783,1
421,500000,1,2,3,51,0,-1,0,0,0,0,117995,120853,117045,90293,100004,116480,5229,39627,24467,3741,22180,4891,0
422,200000,2,2,2,53,0,-1,0,0,0,0,114944,146497,166860,139884,161211,134930,35397,13628,26469,20104,12846,35225,1
423,300000,1,2,3,50,0,0,0,0,0,0,268085,221581,238828,236545,275563,233475,78908,61977,63327,38283,92576,36065,0
424,200000,2,2,1,26,1,1,1,0,2,0,143653,167173,162621,168708,130132,178109,31052,38818,54274,12972,16535,24215,0
425,80000,2,2,2,22,0,-1,-1,-1,-1,-1,63153,54977,54221,54375,49043,55260,2013,10501,8448,7780,11367,13620,0
426,50000,2,2,2,25,-1,-1,-1,-1,-1,-1,41985,51582,53029,48528,44545,57234,9445,7254,1836,6363,4632,2745,0
427,500000,2,2,2,56,-1,-1,-1,-1,-1,0,569940,404924,423849,411911,553494,422695,127603,20516,100991,75361,116217,128374,0
428,300000,1,3,3,55,0,0,1,1,0,0,106633,101913,87903,82449,91329,101344,21739,25938,5505,20621,18134,27959,0
429,20000,1,3,2,34,-1,0,1,1,0,-1,3696,4341,4284,4083,4118,3837,844,652,233,726,437,570,1
430,300000,1,2,2,23,-1,0,-1,-1,-1,-1,57609,48074,64527,62144,54396,48671,19556,9448,15377,2759,18837,8501,0
431,20000,2,3,2,36,0,0,0,0,1,0,19092,19793,18090,17406,18770,14955,6653,733,975,665,1246,2261,0
432,300000,1,3,1,59,0,0,0,1,0,0,44044,48837,36648,44000,44294,39234,8446,13481,2290,13773,7361,10951,1
433,300000,1,1,2,27,-1,-1,-1,-1,-1,0,113281,93950,106824,109485,116985,118354,5697,23341,17614,27291,3551,3499,0
434,20000,1,2,2,58,1,2,2,3,2,2,11479,9961,9482,12836,10951,10463,737,1939,1604,3040,2686,2527,1
435,120000,1,2,2,42,0,0,0,0,0,0,87020,72811,62968,72897,68165,69137,22426,13381,20245,23425,11758,8285,1
436,20000,2,3,2,27,0,0,-1,0,0,0,12891,14005,14349,13439,11989,12747,4435,1837,1594,2670,2455,3534,0
437,120000,1,1,1,64,0,0,0,-1,1,0,84390,95827,95750,85262,114326,113472,13831,12744,14583,3779,28639,39112,0
438,500000,2,2,1,45,0,0,0,-1,0,0,346175,253873,248221,289173,269929,252078,18123,10813,62919,73955,73453,28248,0
439,20000,1,2,1,52,1,1,1,1,1,2,15296,15575,18753,17460,18809,18255,2087,3841,5493,1284,6371,3050,1
440,80000,2,2,2,25,0,-1,1,0,1,0,8674,9885,8310,8432,11798,11668,1275,344,1123,2022,3599,2341,0
441,500000,2,4,1,38,-1,0,0,1,0,0,521790,355037,417174,450471,446787,442407,182040,7266,95222,68576,56677,89298,1
442,80000,1,2,2,50,2,3,3,2,2,3,43321,51494,43651,50391,48721,58015,10681,1556,9864,1477,12667,4157,1
443,20000,2,3,2,51,1,1,1,1,1,1,4340,4185,4473,4461,4382,5368,255,364,537,170,197,1140,1
444,120000,2,4,2,23,1,1,1,1,1,1,121110,131456,119765,141751,130151,126338,15893,27364,7083,21201,8453,32707,0
445,120000,2,3,1,49,0,0,1,0,-1,1,128681,124433,123788,95241,132518,127047,4635,30459,30356,20591,22749,42119,0
446,200000,1,1,2,65,-1,-1,0,-1,-1,-1,141410,196629,170673,198678,204537,150946,33303,31233,18511,15178,35114,39151,0
447,80000,1,3,1,57,1,0,1,0,0,0,73401,63603,83149,73442,64898,75467,17763,9848,10396,4056,12129,16534,0
448,500000,2,1,2,30,0,0,0,0,-1,0,170263,214224,240136,182955,240356,215185,6635,45059,50158,26374,42498,20867,0
449,120000,1,2,1,63,0,0,0,0,1,1,30661,35109,35439,26673,29923,26765,4008,7617,2589,7611,6931,1400,0
450,80000,2,3,1,53,2,1,1,1,1,1,16486,17694,20794,18986,18421,17270,5241,5287,2073,5291,6169,3960,1
451,500000,2,2,1,23,0,1,0,0,1,0,378162,377043,518289,487396,393472,490268,110744,109455,86661,119785,30292,110952,0
452,500000,2,2,2,27,0,0,1,1,0,0,492049,352360,475513,448807,377451,342586,103079,102805,147361,71974,52074,101744,1
453,120000,2,2,1,64,1,0,0,0,1,1,124944,123569,108715,114748,124189,114446,22480,36894,29879,19029,5527,19136,1
454,20000,2,3,2,30,-1,0,0,0,1,-1,19564,17187,14962,14950,17099,14765,6801,5333,1867,1413,1470,1133,0
455,200000,1,3,2,25,1,0,1,0,1,0,151667,152900,142328,145592,154718,113557,39179,31077,17034,9500,53503,10692,0
456,120000,1,2,2,42,1,0,2,2,1,2,25414,24579,24680,24903,19640,21792,8497,5319,8534,628,649,3861,1
457,50000,2,3,1,45,0,0,1,0,0,0,11125,11026,11428,9683,11651,8215,485,2866,2692,2942,1054,1010,0
458,200000,2,1,1,47,1,0,1,1,1,1,92219,119220,105678,113577,98357,96937,8300,10213,26020,20868,15810,7705,1
459,300000,1,1,2,51,-1,0,0,0,0,0,265722,253105,265810,247562,200499,190275,8042,35169,10151,5199,23374,10577,0
460,20000,1,2,1,67,1,1,1,-1,-1,0,4244,3524,4559,4255,3771,4927,1300,1131,249,828,753,768,1
461,300000,2,4,2,56,-1,1,0,0,1,0,252136,230593,295835,289757,305861,319985,62806,44391,34662,30496,106087,42039,1
462,20000,2,1,1,22,1,0,1,1,1,1,13396,15811,11491,11835,15872,12418,1053,586,3422,1905,4004,4204,0
463,300000,2,1,2,25,0,0,1,-1,1,0,95090,97548,101670,87825,84278,85362,32471,15006,32587,21244,12973,25831,0
464,80000,1,1,1,21,0,-1,0,-1,0,-1,70734,83872,58333,78205,69123,64551,23725,6127,4843,22461,16960,5199,0
465,20000,1,3,2,39,-1,1,0,1,1,0,13793,10505,10377,14729,12369,10059,1298,1445,2653,3699,3807,2701,0
466,500000,2,1,1,37,1,1,0,1,2,0,372439,329560,380853,375877,391949,409898,86969,65859,117479,118693,37458,73152,0
467,50000,1,2,2,64,0,0,0,0,0,1,18811,23002,16983,17037,21986,21349,4523,4294,5265,1660,5641,6951,0
468,200000,2,4,1,38,2,1,2,0,1,0,70561,96254,98476,69907,95682,85990,1504,17504,16879,16655,21299,18978,1
469,50000,2,1,3,22,1,2,2,2,2,1,3192,3205,2739,2758,2541,3188,789,83,288,865,666,278,0
470,500000,1,2,2,62,1,2,2,2,2,2,271461,235725,303195,298445,237161,315474,25257,39338,101744,36352,11329,26711,0
471,300000,1,2,1,33,0,0,0,0,0,0,227396,221798,200007,200666,203610,224319,72183,6555,22255,56952,53319,76090,0
472,300000,1,3,1,63,-1,-1,1,0,0,0,323767,310022,333593,238168,344049,305798,96064,47620,34489,78660,96350,98782,0
473,120000,2,2,1,57,3,2,4,3,2,3,123452,126444,107352,118243,110324,105781,39349,29525,9433,27489,27226,18971,1
474,120000,2,2,1,62,-1,-1,0,-1,0,1,15365,13700,15657,13132,13578,16056,4148,843,3064,974,1155,3309,1
475,200000,1,1,1,59,-1,-1,-1,-1,-1,-1,207957,205427,209230,192616,220083,169970,15475,66257,11585,20433,16119,34086,1
476,300000,2,3,2,27,0,0,-1,-1,-1,-1,50414,48261,57185,61559,58246,51786,7006,11006,11913,15044,15357,14083,0
477,300000,2,3,2,50,2,1,1,1,1,1,29346,27469,25628,21250,23670,22515,7452,2521,8493,6499,5532,3975,1
478,20000,2,1,1,40,1,0,0,0,1,0,15707,13013,16787,14941,12345,13257,1990,1952,3133,415,4254,801,0
479,200000,2,2,2,50,1,0,0,1,1,-1,199219,219758,205583,154670,203848,176821,50663,11422,69603,19749,34667,22458,0
480,20000,1,3,1,56,0,0,0,0,1,0,16201,16033,17672,17989,20824,20894,2121,437,5635,1746,1992,4336,0
481,80000,1,1,3,44,1,2,1,2,1,0,70693,71991,78337,78080,60645,64236,5560,23197,22048,12436,16617,8726,0
482,300000,2,2,1,35,1,0,0,0,0,0,68502,80302,68066,77674,65514,86247,13083,19498,15019,21251,17493,24879,0
483,50000,1,2,2,64,3,3,1,1,2,2,9407,8669,8724,7767,8721,8839,2318,2403,2709,1444,1678,2941,0
484,300000,2,2,2,52,2,1,0,1,1,0,32349,27195,27877,25743,32207,35556,6168,6127,5663,4917,8573,3550,0
485,120000,1,2,1,62,3,3,3,3,4,2,81057,75254,68366,66490,66501,63584,18790,24023,6041,14692,8146,19928,0
486,50000,1,2,1,32,2,2,2,2,2,3,24090,26972,23757,29690,23690,23797,3964,8513,7728,5646,2160,6096,0
487,80000,1,1,1,60,1,0,-1,0,-1,-1,13693,12965,13553,13092,11326,10313,3790,508,2517,3235,697,2203,0
488,120000,2,2,2,36,1,0,1,0,1,0,52312,60830,60379,61707,70258,52758,12266,5020,19294,3413,8139,3325,1
489,300000,1,3,2,42,-1,0,-1,0,0,-1,181391,153899,210037,152351,174115,152671,38023,23178,31450,4193,41092,23757,0
490,200000,1,2,2,61,4,4,4,3,3,4,127285,173014,123302,173294,140663,155304,20833,22934,16126,50747,14809,54118,0
491,500000,2,1,2,37,0,0,0,-1,0,0,202559,191708,231292,248471,218555,194717,39861,37083,63091,44237,68087,45555,0
492,500000,1,3,2,32,1,1,0,0,-1,-1,202773,179650,146790,156833,190433,146027,7468,19394,33668,18584,19504,31433,0
493,300000,1,1,2,64,0,2,1,1,1,2,165221,239837,201959,197481,236854,186154,39655,67912,33345,33556,58234,5911,1
494,200000,1,3,2,66,0,-1,-1,0,-1,-1,163814,163665,133874,136439,168038,150486,14326,3678,41492,31999,32615,18945,0
495,80000,1,2,2,35,0,0,2,1,1,1,22653,21091,26081,25174,24187,23628,6883,5930,4967,1514,2172,4278,0
496,80000,1,3,1,35,-1,-1,0,0,-1,-1,5420,4500,5519,4774,4946,4335,1561,674,133,920,1006,1004,0
497,20000,2,1,2,31,-1,-1,0,0,0,0,15963,19856,17080,16866,17784,15747,3100,430,4248,953,5958,4768,1
498,80000,1,1,1,22,0,-1,0,0,0,0,65141,57641,54103,65775,68540,67313,19513,17265,2209,19973,22726,11521,1
499,500000,2,2,1,46,0,1,0,0,0,0,138090,129614,114836,127083,126040,128344,33330,21701,20528,26126,14649,14190,0
500,80000,2,1,2,32,1,0,1,0,0,-1,48095,47477,42199,45971,44484,46332,3203,12304,3518,13220,8765,5227,0
501,20000,1,1,1,60,2,2,2,2,2,2,11647,11174,13198,12261,12419,12464,3080,3462,1317,3162,866,816,1
502,200000,1,3,1,29,1,0,-1,-1,0,1,36878,31828,33236,27071,29119,29577,12856,996,11411,7824,5089,2012,0
503,500000,1,3,1,50,0,0,1,0,0,0,123819,122833,129034,112106,122964,113440,4150,13083,7412,14887,15504,13698,0
504,500000,2,1,2,44,1,2,3,3,2,3,408536,537298,575135,540241,434470,526391,41189,31826,155311,35668,141954,143690,1
505,50000,1,3,2,49,1,1,1,1,0,0,28400,25245,25336,27610,25032,29528,6170,1321,5836,8675,5726,4617,0
506,120000,2,3,1,26,-1,-1,-1,-1,0,-1,29163,23038,31870,31965,22634,25615,4579,7650,2688,9970,1833,7778,1
507,120000,2,3,1,42,2,2,2,2,3,3,107181,91655,108165,105802,86459,104335,24693,26198,35549,32955,30042,34766,1
508,50000,2,2,2,50,-1,-1,-1,-1,0,-1,23009,26129,21348,27591,21802,24699,4912,3667,1845,9559,5430,1108,0
509,50000,2,2,3,37,1,0,0,1,1,-1,31611,36331,37333,32363,36008,36061,8852,8966,7098,7014,2320,9180,0
510,50000,2,2,1,62,0,-1,1,0,0,0,19541,19011,16382,14348,17788,17764,848,6148,4601,2713,5049,855,1
511,500000,1,2,3,45,2,1,1,0,2,0,51202,58932,53902,57942,50500,54722,8468,5472,14660,16404,10301,2389,0
512,300000,1,3,2,38,-1,-1,0,-1,-1,-1,60959,61466,65676,64621,58007,52608,18520,1516,8242,3641,8822,5839,0
513,300000,1,1,1,22,-1,-1,-1,-1,-1,0,351360,338815,339492,342258,339898,273164,49089,98918,100815,95286,28818,14622,0
514,300000,2,2,2,28,1,1,1,1,2,1,172287,174800,213367,202267,222865,175025,32088,45184,72009,58259,24897,41792,1
515,500000,2,1,2,43,-1,-1,0,-1,-1,-1,404613,431900,476609,414154,439186,412903,10973,31478,84086,87168,33024,105835,0
516,20000,2,4,2,39,0,1,0,0,0,0,1423,1309,1196,1100,1370,1271,133,237,281,162,390,293,0
517,500000,1,2,1,61,1,2,1,1,1,1,423519,432197,464111,374285,436530,416370,73271,31525,65109,88538,48053,87382,1
518,20000,2,2,2,57,0,0,0,0,0,0,12116,11325,10870,10608,11120,10494,1837,2478,1487,3415,1946,2915,0
519,120000,2,3,2,28,-1,-1,-1,-1,-1,-1,87159,75044,91080,96238,73059,84715,22298,17537,15939,6941,24797,23292,0
520,200000,2,4,2,48,0,-1,0,0,1,0,71895,89697,88859,87939,77808,81837,15954,9983,7557,10786,27093,25139,0
521,80000,2,1,3,42,3,4,3,3,3,2,49206,59341,43585,51576,44162,46645,15278,16477,10787,12459,12414,11603,0
522,50000,1,3,2,25,0,0,1,0,0,0,3261,4601,3646,3820,4384,3474,985,811,272,1126,1243,477,0
523,50000,1,3,2,52,0,-1,0,0,-1,-1,5124,4307,4970,3563,4650,3882,510,1090,107,837,1542,749,0
524,300000,2,1,2,46,-1,-1,-1,-1,-1,-1,207578,291319,284938,229277,290507,271039,5359,67334,47022,49289,82199,49301,0
525,80000,1,3,1,25,0,-1,0,0,0,0,13323,14574,14424,15602,11181,10976,4023,2459,652,753,1887,610,0
526,80000,1,2,1,43,3,3,3,2,3,3,4396,4857,4544,5018,4595,4240,565,566,934,818,183,1220,1
527,500000,1,2,1,55,0,0,-1,0,0,0,393546,448503,415102,465558,502301,420477,52950,39208,79584,146072,44585,135074,1
528,50000,1,2,2,36,-1,-1,0,-1,-1,-1,13726,17016,15116,17135,17165,15516,991,4529,987,2387,2861,5350,0
529,500000,2,2,1,37,1,0,0,0,0,0,318289,334069,289734,244503,344857,353413,79156,77451,29314,35631,37101,35987,0
530,500000,2,1,2,26,-1,-1,0,-1,-1,-1,345803,440169,491254,503510,374871,490056,38880,49611,13789,69481,48219,25267,0
531,200000,1,1,1,30,0,0,0,0,0,1,180732,182630,156435,164503,181727,128291,14155,61937,33790,22982,7168,7266,0
532,50000,1,1,1,67,3,3,3,3,3,4,5156,3987,4240,3568,5284,4502,959,1145,494,547,1068,1284,1
533,50000,2,2,2,50,0,1,1,0,0,-1,24334,30837,29165,31582,34658,23780,6512,1907,7445,8691,4714,5433,0
534,50000,2,2,1,29,-1,-1,-1,-1,-1,0,32425,26239,33162,23548,29545,31567,3533,1932,7555,4007,3114,8507,0
535,200000,2,1,2,43,-1,1,1,0,0,0,70919,74856,79589,80392,86249,72324,18316,14936,11403,17713,19097,23050,0
536,50000,2,2,1,30,0,-1,0,0,-1,-1,31800,35975,34284,35390,31931,34067,5483,1934,931,5874,3555,3225,0
537,120000,1,2,2,41,-1,0,-1,-1,0,-1,107550,108876,116596,103165,105188,115851,16481,36825,14650,31812,18635,16236,1
538,20000,1,2,1,27,0,0,0,0,0,-1,4166,3525,3657,3898,3103,3612,577,812,465,307,314,1016,0
539,120000,2,4,3,50,-1,0,0,1,1,0,23484,18118,20353,21442,22072,25927,1597,758,2641,1298,5398,2737,0
540,20000,2,2,2,47,2,0,2,1,1,2,13448,12254,16438,12402,17810,12214,1745,2038,5500,1916,5376,2283,1
541,200000,2,3,1,50,1,3,3,2,2,2,104661,104882,87306,108632,101966,113545,32460,9780,6487,37099,4788,18886,1
542,20000,2,1,1,41,0,1,0,0,1,0,17528,14958,16134,14669,15932,14463,941,2720,1760,3680,4629,3130,1
543,50000,2,3,1,34,3,2,2,1,2,2,9848,7257,8765,9401,10028,7702,3311,736,2582,2099,3019,2665,0
544,50000,1,4,2,32,0,0,0,0,1,0,4172,3418,4051,4285,4188,4502,231,1006,1317,637,1417,244,0
545,300000,1,3,2,31,1,0,0,0,0,0,242038,188538,220386,176544,211017,216591,33757,48635,38464,20726,61867,38971,0
546,20000,1,2,1,41,1,1,1,1,1,1,21155,16404,21491,24006,21059,23192,4655,5235,4259,8058,4260,7803,1
547,120000,1,2,2,42,-1,-1,0,0,0,-1,13771,19090,13885,15860,16275,16475,4082,1628,519,2551,702,2220,0
548,200000,1,2,2,52,1,0,0,0,1,0,196869,179923,160306,154494,185050,175518,13265,26480,45952,39343,8247,46406,0
549,120000,2,2,2,23,1,1,1,0,1,1,46243,47642,55180,48492,55773,43903,3078,13616,11930,13938,4735,14341,1
550,200000,1,3,2,34,0,-1,0,0,-1,0,12964,12138,13936,12475,11801,14137,2947,1740,2481,2956,1977,1405,0
551,300000,1,4,2,61,2,3,1,2,2,2,171629,135553,131180,128510,154941,170947,20013,19668,15721,12434,51950,8009,1
552,80000,2,2,2,64,0,-1,0,0,1,0,23332,26987,20710,22975,25557,25986,5429,9321,3447,2642,1990,1168,1
553,300000,2,1,3,64,2,1,2,1,2,1,184473,253419,250367,216445,247886,238097,53643,69534,65759,5970,49032,10497,1
554,80000,1,2,1,35,-1,-1,-1,-1,0,-1,27664,21871,22049,27659,24872,21569,1255,6650,1028,9401,8689,2926,0
555,500000,2,1,1,27,0,-1,-1,0,-1,-1,289111,218439,302330,234747,288981,290875,86352,33705,56610,69352,7093,17932,0
556,120000,2,1,1,30,0,-1,0,0,-1,0,32259,29877,32145,27323,29746,28420,1045,6374,1010,4189,1056,4366,0
557,300000,2,2,2,27,1,1,1,0,1,2,265003,217120,213970,224112,203042,282731,83903,36624,58808,70482,22146,76015,1
558,500000,2,3,1,65,-1,-1,-1,-1,-1,-1,416292,397349,392952,428559,462791,506978,142352,66991,35222,30305,43640,60033,0
559,300000,1,1,3,62,2,2,3,2,1,1,120061,138425,154329,139299,114583,127061,28845,8601,49094,4718,21144,22643,1
560,300000,2,1,2,59,1,0,-1,0,-1,1,157277,149513,128740,133447,122776,158138,54229,44540,22801,8626,19490,9809,1
561,120000,1,1,2,55,0,0,0,0,-1,-1,114515,105342,120586,108281,106135,129232,33353,15683,20607,33732,22564,32364,0
562,20000,2,3,2,37,0,-1,0,0,0,1,3946,4077,3229,3319,3917,2893,136,864,448,242,268,361,0
563,120000,2,2,1,43,-1,-1,-1,-1,-1,-1,91126,83069,102617,103090,103671,106902,1937,25156,19538,4379,25537,6908,0
564,50000,1,1,2,60,2,2,2,3,2,3,23664,27512,33498,30205,29922,29591,635,7572,4406,2453,2718,9914,1
565,500000,1,1,1,59,1,0,0,0,0,0,464179,488316,473703,429129,444884,506253,78506,41711,65738,67360,75255,138700,0
566,50000,2,2,2,45,-1,0,0,0,0,1,16917,17001,13311,17121,15539,18274,3818,3810,1125,3147,481,4299,0
567,50000,2,2,3,60,-1,0,1,0,1,0,17278,17098,17066,17379,18982,14274,3090,3139,2285,1700,5377,3691,0
568,50000,1,2,2,37,0,0,0,0,0,0,16210,19198,19018,14387,20958,14449,3946,2032,5474,4113,4756,2317,0
569,200000,2,2,2,40,-1,-1,0,1,0,0,13438,12651,10521,11182,13215,10499,2262,423,1063,3765,1174,1243,0
570,120000,2,4,1,60,3,2,2,2,2,1,24747,28596,27480,22328,22765,27271,842,6515,7997,2589,4975,5045,0
571,500000,2,2,2,38,0,-1,1,0,0,0,553051,514287,525924,566412,583378,574867,52337,142638,160003,185363,95797,168053,1
572,80000,2,2,2,56,0,0,-1,1,0,1,23676,21773,18221,20632,25562,24487,8228,7201,4371,5981,7481,8277,0
573,50000,1,1,2,42,0,0,1,0,0,0,3040,3480,3712,2916,2672,3549,407,477,111,910,920,779,0
574,20000,2,4,1,35,0,0,0,0,0,0,6685,5636,6101,6331,5841,6454,850,855,1251,251,356,930,0
575,20000,1,4,1,31,1,-1,1,0,0,0,8998,9643,7801,8902,8134,8759,633,711,2300,2628,1478,2251,0
576,80000,2,3,2,49,0,0,0,0,0,0,45875,41659,38118,51361,49883,54274,15861,14369,5363,10958,5245,13570,0
577,500000,1,2,1,43,-1,-1,-1,0,0,1,58133,54441,52116,52412,55396,45666,5583,16352,5906,1709,14812,4642,0
578,120000,2,1,2,38,1,1,1,2,1,0,80554,105781,89121,88093,87542,93507,18805,35543,11234,23670,2746,15308,1
579,500000,1,3,2,55,4,2,3,3,3,3,487931,440550,385272,437295,374012,381936,16528,80825,61495,43627,74693,24529,1
580,20000,1,3,2,21,3,1,2,2,2,2,4649,4153,5562,5432,4893,4225,194,370,240,1537,1481,645,1
581,20000,2,1,1,25,1,1,1,0,1,0,14455,15897,17192,19445,17322,16930,3708,3324,1692,4405,2571,4600,0
582,300000,2,2,3,66,0,-1,0,-1,-1,0,130260,132142,100242,123046,117897,106361,29908,18868,23405,22452,34957,13144,0
583,20000,2,2,1,52,0,1,1,1,1,1,8050,10812,9770,8986,8157,8886,1967,1457,1718,249,558,2034,0
584,20000,2,3,2,46,-1,0,-1,-1,-1,-1,22648,18649,20590,16126,19807,16153,2179,879,2092,5056,6398,2069,0
585,80000,2,2,2,21,-1,0,0,0,0,0,69881,60222,72588,86234,86580,69000,24109,2658,23750,5923,24344,4729,0
586,500000,2,2,1,49,0,1,1,0,0,0,185931,191563,242533,217373,176220,178130,37978,27777,28504,63864,26267,47143,0
587,200000,1,2,1,41,0,-1,-1,-1,-1,-1,84718,102297,93815,88948,103878,119019,28799,33312,5879,21978,6555,25526,0
588,20000,2,2,1,49,2,3,3,3,2,3,5219,5300,5261,6287,6072,6447,387,1370,451,270,1164,1885,1
589,300000,2,2,2,22,2,2,3,2,2,1,135728,185554,131431,165863,143714,181361,20859,50282,15492,32995,34669,44262,1
590,300000,1,1,2,46,-1,-1,0,0,0,0,168443,213284,194950,186240,241571,208826,22028,20755,37517,62833,15109,60491,0
591,300000,1,3,1,48,0,0,0,0,0,0,37124,38544,39849,43591,47185,32582,9992,10113,1669,14146,15474,2317,0
592,500000,2,2,1,34,-1,-1,0,1,0,-1,429327,445443,386175,492484,436712,500700,114500,68636,116675,33626,118650,111562,0
593,50000,2,2,2,23,0,1,0,0,1,0,35754,29843,37751,32865,34536,30130,6455,1181,11686,2535,11536,4255,0
594,500000,2,1,1,66,2,1,1,1,1,1,61126,68953,79411,81844,57261,65563,1548,10362,9930,5786,6799,17462,0
595,80000,2,1,2,54,2,3,2,3,2,3,58096,69724,78773,83048,73728,71734,4520,4414,21729,22384,12020,15166,0
596,300000,2,2,3,50,1,0,0,0,0,-1,188776,213816,243583,206491,184710,253368,6906,64512,53076,15083,18329,9597,1
597,200000,2,1,2,57,-1,0,-1,1,0,-1,60250,73408,73492,67420,68922,80032,18045,21823,21973,2785,7605,15691,0
598,300000,1,1,2,52,0,0,0,0,0,0,151679,157863,178767,189537,140956,144361,17537,18132,19914,28204,9577,38344,1
599,200000,1,3,2,27,-1,-1,-1,-1,0,-1,149779,179329,173921,167791,186340,185731,8824,39799,38502,56893,11427,19821,0
600,200000,1,2,2,42,1,0,0,0,0,0,184587,225165,187450,230610,228588,192790,25265,31532,8245,28071,55171,45497,1
601,200000,2,2,1,62,-1,-1,0,-1,-1,-1,73473,59435,57996,55324,52518,69583,3343,4213,1340,14328,3770,20701,0
602,300000,2,2,1,34,-1,-1,-1,0,-1,-1,181809,192767,168787,218982,223301,236332,62364,45166,52096,14782,14298,9809,0
603,300000,1,3,2,66,0,0,0,1,1,0,226833,299797,268024,271930,296101,264969,28116,81195,31412,61178,58158,55841,1
604,20000,1,2,1,24,-1,-1,-1,-1,0,-1,21208,18767,19678,18673,17320,18200,6954,5173,3285,3954,4370,5694,0
605,300000,2,3,2,36,1,1,2,1,2,1,33422,32731,28431,36467,39215,37550,8198,2266,2743,11610,10852,2317,1
606,120000,1,4,2,37,-1,0,-1,-1,-1,-1,51933,71049,57539,51348,66485,64096,10740,13438,17799,13168,14060,6976,0
607,80000,2,2,3,50,2,2,2,2,2,2,78919,73372,78902,63153,71761,81594,13961,2046,11590,3780,6208,18485,1
608,120000,2,2,1,29,1,0,0,1,0,0,6098,6589,5065,5078,5999,5763,1505,327,400,779,1254,1228,0
609,500000,2,3,2,31,-1,0,-1,-1,-1,-1,276643,229568,225392,196750,212606,272910,68184,10731,49729,3971,48158,76911,1
610,500000,1,2,2,52,-1,-1,-1,0,-1,-1,356147,300478,261968,246532,245496,244542,8359,11680,23001,24537,25819,55654,1
611,300000,2,2,1,34,0,1,0,0,1,-1,170714,134955,143339,155434,161321,180934,54554,17563,15197,52931,10918,38001,0
612,120000,1,2,2,62,0,0,0,0,0,0,96573,79002,99101,79756,98634,84367,13658,10904,23984,13589,32101,14267,0
613,300000,2,2,2,61,1,0,-1,-1,0,0,30884,32557,26490,27338,37410,34205,4218,8148,8915,8373,1932,1567,0
614,80000,1,1,3,35,-1,-1,-1,-1,-1,-1,73918,55969,58475,55207,62188,75297,11396,7212,15734,1536,6932,16193,0
615,200000,2,2,2,47,2,2,3,2,3,3,64596,62085,75427,71516,57279,67154,15899,4118,4598,22199,5520,4814,0
616,200000,2,1,1,36,0,-1,-1,-1,-1,-1,155732,152903,165799,140286,142723,183819,22438,50835,20417,43979,44865,64084,1
617,50000,1,2,2,37,0,-1,-1,0,1,1,17985,18086,23325,24387,26273,19314,2578,5586,6596,5746,4877,886,0
618,50000,1,2,2,52,1,0,1,1,0,1,4400,4210,4492,3494,3795,3692,180,256,497,203,1273,166,0
619,20000,1,4,1,34,0,0,0,0,0,0,19628,20567,17068,15860,22625,20001,3091,2873,4509,4902,6636,5596,1
620,20000,1,1,1,28,0,0,0,1,0,0,17884,14871,15069,15533,13889,15459,1239,1122,2647,4923,3737,825,1
621,120000,1,2,1,33,1,0,2,1,1,2,39735,50446,43618,43276,36667,38357,12013,16975,13602,3736,2872,5894,1
622,120000,2,2,1,64,0,0,0,0,0,0,41035,31279,32512,37104,32418,39766,5350,4300,4503,12253,4332,12966,0
623,50000,1,1,2,33,-1,0,-1,-1,-1,-1,24611,25540,27282,33006,30443,32961,8296,1337,8959,10256,8849,9229,0
624,80000,2,1,1,38,0,0,-1,0,0,0,82299,93353,82952,73472,74709,66530,20236,24258,12812,6436,25742,6442,1
625,200000,2,1,2,50,0,-1,0,0,-1,-1,61941,75503,54489,56709,75143,52943,16694,19243,14148,8504,23272,5444,0
626,50000,1,1,1,25,2,2,2,2,3,2,44600,46035,40728,53984,48685,45504,14841,4582,3438,7077,16210,9803,1
627,80000,2,2,2,33,0,0,0,0,0,0,28167,28012,29788,25065,24515,30478,2784,3531,5813,4622,5682,5502,0
628,80000,2,2,1,29,0,0,0,0,0,0,51334,65819,56545,64605,60608,66801,10636,10330,6917,20245,10868,3909,0
629,120000,2,2,2,64,-1,0,-1,-1,0,-1,43092,49942,51549,51060,47148,48047,1440,5410,1247,15753,8951,3476,1
630,80000,2,1,1,64,0,0,0,0,0,0,11275,8509,8147,9202,10768,8377,600,981,1338,717,1844,2387,1
631,300000,2,1,2,56,0,0,0,0,1,0,252582,239784,306682,262390,315896,322051,35607,68224,23591,52969,22462,43084,1
632,80000,1,1,1,32,0,0,-1,-1,0,-1,17650,13743,18378,15288,19253,13703,4328,3684,6181,2999,2327,3887,0
633,120000,2,2,1,49,2,2,2,3,3,1,124030,127205,115466,118528,117868,120646,36521,31619,33119,19987,5872,9970,0
634,80000,2,2,2,52,1,0,1,0,0,1,9316,11921,13016,13652,10844,11058,974,2940,3436,3492,533,2408,0
635,50000,2,2,2,61,1,1,1,0,1,1,17326,13830,14430,13941,14635,17497,4629,2658,2447,3250,1798,3266,0
636,200000,1,1,2,28,0,-1,1,0,0,1,207559,160882,154695,218907,178781,201275,19513,21848,16321,24251,42875,25704,0
637,50000,2,1,1,55,-1,-1,0,-1,-1,-1,37892,28776,32220,29883,33209,27105,833,7417,4093,4031,7389,5985,0
638,80000,1,4,1,30,-1,0,1,0,1,0,20327,19836,17702,15289,14689,17169,771,1158,1547,4787,3005,1048,1
639,300000,2,1,2,47,1,1,1,1,1,1,190170,212505,211008,186456,165486,160550,40550,14142,42649,23774,44209,48587,1
640,500000,1,1,2,62,0,0,-1,0,0,0,130138,110039,101502,129403,129893,99277,23953,6785,29204,21551,20716,26339,1
641,200000,2,1,1,23,-1,-1,-1,-1,-1,-1,154353,196396,163983,176007,207397,169922,16861,51415,13421,60028,34405,19490,0
642,500000,2,4,2,27,1,0,1,1,0,1,38010,41877,52972,51356,37569,46614,842,9012,1138,15555,7173,9856,1
643,300000,1,2,2,59,-1,0,-1,-1,-1,-1,179663,171789,149552,164274,197961,185922,37269,28955,9189,41176,8309,59070,0
644,120000,1,2,2,21,0,-1,-1,0,0,-1,11544,12269,13297,14342,14050,10499,3345,2173,2288,1725,2978,1673,0
645,300000,2,4,1,53,0,1,-1,0,0,1,223069,178550,198985,240560,171285,208775,9507,52332,5200,54724,45832,29208,1
646,80000,1,1,1,44,-1,-1,-1,0,0,-1,72283,75174,89200,81183,88052,86155,19013,4522,13654,18823,9421,24438,0
647,120000,2,4,1,37,-1,-1,-1,-1,-1,-1,94496,115281,88669,105911,119880,98491,21677,16885,5025,16502,36214,2008,0
648,120000,2,1,2,61,-1,-1,-1,-1,0,-1,55763,39545,52500,48534,50666,48556,9936,10710,2917,1549,5464,11969,0
649,500000,2,2,1,60,3,2,1,2,2,2,116429,134641,138606,160712,151557,151028,4185,31921,35366,22653,28698,13776,0
650,300000,1,2,2,36,-1,0,0,0,0,-1,42091,55249,57276,49175,44851,52165,13670,9038,20037,9229,13839,12994,0
651,120000,2,2,2,21,0,1,-1,-1,0,0,113280,118470,127131,99238,109224,106578,20113,11140,10701,33100,28789,17532,0
652,200000,1,4,2,27,3,3,2,3,3,3,27117,24299,27225,28088,26620,28915,4118,8075,2607,7304,5593,771,0
653,50000,2,1,1,26,0,-1,0,-1,1,1,36762,28183,27302,34527,33245,26429,11186,4357,3216,1920,7496,8153,0
654,300000,1,4,1,67,1,0,0,0,-1,0,106357,135787,117696,121946,109859,97937,31805,42051,32847,14568,6144,19622,0
655,120000,1,2,2,49,0,1,0,0,0,-1,138643,103576,137316,129025,127439,116768,36046,28657,25670,24792,31958,14419,1
656,120000,1,2,2,52,1,0,-1,0,0,0,66824,58303,67565,60149,72685,55257,19625,17741,14075,10157,16131,13931,0
657,300000,2,4,2,31,1,0,1,0,0,0,193772,145800,197599,166156,194650,152130,11825,3730,39588,3604,9323,27940,0
658,200000,1,1,1,60,2,1,3,2,3,2,153437,182402,207649,162863,158158,159487,41597,32383,68385,53514,9651,5029,1
659,20000,2,4,2,54,1,2,1,2,1,1,18421,20550,18078,22315,19113,21044,2362,2170,569,7103,6506,4936,1
660,80000,2,2,1,56,0,0,0,0,1,0,48921,54778,42531,51648,39502,46914,14983,6048,3067,16777,3111,15948,0
661,50000,2,3,1,43,0,0,0,1,0,1,41750,39877,37629,45757,42654,45917,5935,4348,5497,7386,13461,4281,0
662,300000,2,1,1,53,2,2,2,2,2,2,164914,233396,211808,182067,176156,176802,6253,34653,38347,53712,19557,53883,0
663,20000,2,2,2,46,-1,-1,-1,-1,0,0,9243,9451,9033,10906,10669,9551,1448,1469,520,2768,1608,2148,0
664,50000,2,2,1,39,1,2,2,1,1,1,5273,5152,4043,4663,5179,4378,1422,1181,1272,880,1052,200,1
665,200000,1,2,1,48,0,-1,1,0,-1,0,138782,127833,161165,138318,141075,118383,25717,15227,39274,6287,31958,30885,0
666,200000,2,1,2,36,0,0,0,0,0,0,143593,125756,117406,170000,156841,154398,39057,13835,38466,12816,28900,25582,0
667,120000,2,1,2,65,1,2,0,0,1,1,17175,19303,18049,19890,16536,16073,543,2683,5964,1961,2232,4531,0
668,500000,2,3,1,54,1,1,1,0,0,1,152246,144310,130595,155584,110925,142875,11945,35579,24700,49110,20473,32832,0
669,500000,2,1,1,55,-1,0,-1,-1,-1,-1,389061,330010,374664,392644,312449,402752,80142,6618,112958,94066,78495,8425,0
670,20000,2,3,2,54,1,2,1,2,1,1,3834,3732,3214,3375,3881,4009,564,994,845,1162,585,247,0
671,500000,2,4,1,42,1,0,-1,0,1,1,417377,334003,389512,338898,409511,367423,102031,44041,54129,70125,81874,50081,1
672,200000,2,1,1,65,0,1,0,1,0,-1,156655,143360,167498,168059,130663,169587,52893,30128,39684,8058,18962,30358,1
673,200000,2,1,2,30,0,1,0,-1,0,0,70007,68236,82845,76445,84754,63737,16644,18512,27703,13581,10922,20880,0
674,20000,1,2,1,47,0,0,1,0,0,0,6176,5005,6899,6333,4763,6854,974,943,1877,360,564,1996,1
675,200000,1,1,2,24,-1,0,0,0,0,-1,95435,74775,72745,69814,75834,66573,18989,17464,18484,22162,7121,18942,0
676,300000,1,2,1,34,0,-1,-1,-1,-1,-1,94575,134085,100986,112158,124027,116624,30380,43387,9413,12548,33618,23098,0
677,200000,1,2,1,48,0,0,0,-1,0,0,131961,140936,103861,142655,141992,146864,31945,4207,30563,12139,48942,7437,0
678,20000,1,2,1,44,2,2,2,2,2,1,13108,12773,16540,17874,17887,13789,3736,1728,2457,3375,528,3669,1
679,120000,2,2,1,65,-1,-1,0,-1,-1,-1,118046,87506,90620,97418,110338,118945,14106,28514,20475,27894,9345,5776,0
680,500000,2,2,1,49,0,0,0,0,-1,0,38352,36206,42672,31553,35766,37662,10187,10729,10397,5945,12096,1889,0
681,300000,2,2,1,40,0,0,0,1,0,0,261881,203066,231686,180421,183740,255122,17287,45396,44027,5883,24398,26578,1
682,20000,2,1,2,41,2,1,1,2,3,2,7392,7818,7765,5891,6301,5672,1976,747,579,1562,934,1840,0
683,500000,1,2,2,49,0,1,0,-1,0,-1,343307,423119,414357,482598,497480,434992,106739,54614,103655,15078,118787,116348,1
684,500000,1,3,1,58,0,1,2,0,1,1,58555,66540,63791,57280,60247,51051,18566,20169,6480,12569,8216,2312,0
685,50000,1,2,2,33,0,-1,-1,-1,1,-1,33348,24212,28065,26319,26905,23177,1950,6063,3018,5884,4912,7491,1
686,300000,2,2,2,48,1,-1,0,0,-1,0,153184,203812,174214,190470,154317,184520,45014,23288,10773,16915,48955,51391,1
687,80000,1,2,2,48,2,3,3,2,2,3,23862,31701,31775,32003,24215,31501,1342,2017,7136,5356,4997,6905,1
688,200000,2,1,1,21,2,3,2,2,2,2,212732,213669,175054,184753,215212,214015,37838,59326,10283,4072,51666,13246,1
689,120000,2,1,1,63,0,-1,0,-1,0,0,17617,20698,20306,20425,16982,19197,4320,4349,2719,2320,1556,2411,1
690,300000,2,1,1,47,0,-1,0,0,1,1,43007,51885,57052,51734,61678,58809,7732,17533,17888,11608,6555,7011,0
691,500000,1,4,1,32,0,0,0,0,-1,-1,302704,285307,364658,300223,325869,327887,40008,43977,61813,34158,102392,75812,0
692,300000,1,1,1,50,0,-1,-1,-1,-1,-1,150427,161428,144700,187473,182212,151774,36954,21821,45607,6696,58818,32479,1
693,500000,1,3,2,52,1,2,2,3,2,2,159164,167956,124696,128444,127089,165315,37895,19474,22769,31148,36385,18430,1
694,500000,1,1,2,64,2,0,1,1,2,1,166393,192511,139549,201693,144804,179512,35334,34463,11026,53446,8729,22019,1
695,20000,1,2,1,22,1,0,0,0,1,1,3877,3879,4126,4074,3544,3429,753,490,1115,1241,1028,655,0
696,50000,2,2,2,40,0,0,0,0,0,0,49338,48032,37795,51250,38520,42811,12477,2120,5164,15832,1014,12799,0
697,300000,2,2,1,29,0,0,-1,0,0,1,161834,159599,213030,154761,211436,154998,24760,19631,72199,28442,45852,9556,0
698,200000,2,3,2,47,-1,-1,-1,-1,-1,-1,59738,49857,66186,53402,62768,62114,2550,4598,7048,8246,15242,16118,0
699,20000,2,4,2,44,1,0,0,1,2,1,8000,8739,6857,9709,7936,7593,1578,2526,1997,2071,1275,2646,1
700,20000,1,3,1,43,0,0,-1,0,0,-1,17730,17755,19978,20800,18474,19228,4587,1735,3655,5856,3290,5141,1
701,120000,2,1,2,67,-1,-1,0,0,0,1,110087,93080,97376,123696,109112,117817,13069,15956,29008,21876,28893,19524,1
702,200000,2,3,3,45,1,-1,-1,0,1,1,23778,24358,20649,20116,22998,26389,1579,5894,1660,7008,7251,6899,0
703,50000,2,1,2,40,3,4,3,3,4,3,39661,34098,30168,35249,28328,32765,12727,2361,6911,8120,2336,9961,0
704,50000,2,3,2,24,-1,-1,-1,-1,-1,0,8666,9627,10811,9127,8972,10971,2643,1880,620,1110,589,3001,0
705,20000,1,2,2,34,0,0,-1,0,1,0,4152,4321,5711,4580,4117,5258,930,1294,1632,1291,938,127,0
706,120000,1,2,1,63,0,-1,-1,1,-1,-1,102073,94187,85750,105911,122677,84407,28537,20037,8383,7387,11795,5350,0
707,20000,1,1,1,42,-1,-1,-1,-1,-1,-1,18445,19503,16441,19665,17408,17319,6265,3494,2648,6466,1463,958,0
708,200000,2,1,2,63,0,1,0,-1,1,1,21984,28140,24161,24850,26908,23623,4569,8352,5713,3288,2345,720,0
709,120000,2,1,1,46,0,0,0,0,-1,0,122774,92477,107115,94740,124062,90031,12348,30757,19046,23312,10539,23029,1
710,120000,1,3,2,46,0,-1,-1,-1,-1,-1,100076,100559,74646,100385,82577,87141,23098,29255,20679,22722,14653,9431,1
711,200000,2,3,1,41,-1,-1,-1,-1,-1,0,157673,176290,178941,188284,132014,133823,50741,27285,44215,9722,44653,34559,0
712,120000,2,4,1,47,2,1,1,1,1,1,94773,108886,113491,91400,90369,109677,23479,24157,7153,23593,26501,26301,1
713,300000,1,1,1,24,0,1,0,0,-1,0,130271,164806,153387,181883,170503,150772,3733,31938,42218,22353,33981,29067,0
714,300000,1,2,3,23,0,0,-1,0,0,0,290772,269563,327489,328249,286521,250224,93818,32372,52316,47855,13404,9935,1
715,500000,2,2,1,43,0,-1,-1,-1,0,0,122828,131122,126643,106966,98185,123116,33005,21458,27514,5546,23767,14866,0
716,300000,2,2,1,49,0,1,0,1,1,1,183831,157658,164766,171985,131609,181666,28053,46297,15071,49416,22225,5258,0
717,120000,2,2,1,46,2,1,2,1,2,0,42061,37365,47408,49415,45398,49357,14547,4452,7567,15016,12568,15809,1
718,120000,1,2,2,41,1,0,1,1,1,2,86502,96326,99159,109858,109725,116050,22330,30203,28722,7064,20080,14140,0
719,50000,2,2,3,34,0,1,0,0,0,0,5378,6063,6285,5008,5204,7109,1572,2104,2046,1443,1251,364,0
720,200000,1,1,1,54,0,-1,0,0,-1,0,79684,92430,83919,96089,103106,86627,26394,11205,27673,30396,8868,1804,0
721,20000,2,2,2,49,0,0,0,0,0,1,18529,18271,17102,17520,14790,15798,612,1105,4293,912,4362,3503,1
722,500000,1,2,1,23,0,1,0,-1,0,-1,192396,166070,148706,180325,142449,163325,53016,55777,6846,62960,39488,36735,1
723,300000,1,1,2,42,0,0,-1,-1,1,1,93287,75455,74080,66999,77075,96507,13759,5768,12302,1440,11054,33615,0
724,20000,2,4,1,54,0,-1,-1,0,0,-1,6736,7025,5881,5028,6475,4963,2066,1928,492,1498,2188,571,1
725,300000,2,2,2,57,0,0,-1,-1,0,1,183723,196550,209119,245617,232831,223936,56960,6467,52324,50163,16980,7916,1
726,20000,2,3,2,34,-1,0,0,-1,1,0,6912,5144,5729,6365,6348,5748,2028,502,419,2138,168,1593,0
727,300000,2,2,2,64,-1,-1,-1,0,-1,-1,139976,147506,113452,153104,117994,147535,38792,15613,38868,20144,32074,17779,0
728,20000,2,3,1,51,-1,0,0,0,0,0,10126,13447,13021,10992,11005,10647,2856,1587,1096,1528,2401,1374,1
729,120000,2,3,2,41,2,1,1,1,1,2,113482,122206,118047,128565,108513,130478,13375,39517,4414,38225,6142,41694,1
730,200000,2,3,3,50,0,1,0,0,0,1,172165,155690,153733,131624,154550,189341,26539,12120,45869,33501,11226,39737,1
731,300000,2,2,2,61,1,1,0,2,2,1,77214,67791,75840,75713,66350,57883,4475,5240,6579,16518,4192,8804,0
732,80000,1,2,2,31,0,0,1,-1,0,0,60356,80992,80796,81766,70218,78768,17750,20106,2256,19022,5270,26283,1
733,500000,2,1,2,28,2,2,0,1,1,0,495628,494454,361737,404783,360295,402710,115571,165278,72660,99281,62066,43309,1
734,300000,1,2,1,41,1,0,2,2,1,1,266884,192009,234453,210907,209146,219475,59300,28506,79678,7547,7700,5945,1
735,50000,2,1,2,24,0,-1,-1,-1,-1,0,31649,31047,24959,31501,23048,24621,3203,8542,2702,1854,4411,2368,0
736,200000,1,1,1,60,2,3,3,4,3,3,17794,23230,22551,24654,23095,23224,3967,702,3492,1967,5075,802,1
737,300000,2,1,2,66,0,-1,-1,-1,0,-1,194179,177679,237631,227135,211823,204860,33010,51871,23350,17793,55080,31662,0
738,80000,2,2,1,49,0,0,0,1,0,1,46733,36613,34877,42306,46397,47590,16283,9472,7119,12613,15412,14003,0
739,300000,2,1,1,67,1,1,1,1,1,0,95258,83926,103129,119480,85652,113998,29035,26510,13047,17944,4044,38965,1
740,500000,2,2,2,24,0,0,-1,0,-1,0,21977,31440,24436,29293,25003,25539,4254,7242,5257,5316,790,6412,1
741,300000,1,3,2,50,-1,0,0,1,-1,0,88237,77493,80926,77184,69632,64023,25305,25622,14384,3820,4589,20847,0
742,300000,2,3,2,41,1,0,-1,-1,-1,0,152564,204233,158675,187771,157340,155384,11333,30359,51814,57701,20660,24055,0
743,200000,2,2,3,34,0,-1,-1,-1,-1,-1,29713,24316,34226,25490,33690,27621,1588,6364,8252,596,6514,3311,0
744,50000,2,2,1,35,-1,-1,-1,-1,-1,-1,39768,37684,34318,37922,28750,39853,9071,9776,8416,1800,615,2825,0
745,300000,2,2,1,46,0,-1,0,0,-1,-1,243833,248010,220934,283948,217322,239194,63357,26943,39886,81775,54000,44320,0
746,80000,2,2,1,51,-1,-1,-1,-1,-1,-1,32612,32744,31020,26382,26507,30735,1223,10602,3723,1664,8900,3930,0
747,120000,2,2,2,28,-1,0,0,1,0,0,14183,14842,11997,13598,13499,17286,1224,4113,1482,3832,1382,959,0
748,80000,2,1,2,49,-1,1,0,0,0,0,13382,15903,14786,12843,16650,13353,2640,4864,2754,1741,381,4373,0
749,80000,1,4,2,64,0,1,0,0,-1,0,26181,32667,31080,27002,37129,31820,1066,4562,2589,7455,9971,1935,0
750,50000,2,1,2,21,-1,-1,0,0,0,0,38987,41673,33722,48737,40051,47159,6235,12402,2148,1784,10978,12455,0
751,500000,2,3,1,62,-1,0,-1,0,-1,-1,305791,385773,294370,361015,288015,342142,54762,47813,42059,47876,9895,14528,0
752,50000,2,2,2,49,-1,1,0,-1,0,0,50047,43877,36519,42783,43921,37136,16225,14841,2302,7650,9825,7202,0
753,20000,1,1,2,37,1,1,1,1,1,1,23380,23159,21878,16896,19983,22176,2903,646,2103,3826,2001,5381,1
754,500000,2,3,2,55,3,1,2,1,1,2,96535,97210,129184,102145,117738,138652,7303,21807,25392,30230,26944,13504,0
755,120000,2,1,1,50,0,0,0,1,1,0,71761,90885,71455,92676,69097,94694,1613,5183,20059,9330,17944,4257,0
756,120000,2,3,1,57,-1,-1,-1,-1,0,-1,62520,68869,49889,52109,50342,65105,3759,17711,4698,12372,4707,14050,0
757,300000,2,2,1,24,1,1,1,1,0,1,154667,180470,179288,146147,133270,171533,41417,25268,50424,10242,14133,37558,0
758,80000,2,1,1,23,2,2,2,2,2,1,26248,28398,25151,33792,26875,29855,4378,8727,632,9543,5961,3670,0
759,20000,1,1,2,51,0,-1,0,0,0,0,6751,7385,6881,7710,7709,6714,577,2274,2401,2528,1635,967,0
760,300000,2,3,1,35,0,0,0,0,1,0,185450,234285,223763,234105,239898,242649,60808,33144,42646,8334,74952,8504,0
761,50000,1,2,2,32,-1,0,-1,-1,-1,-1,32390,29947,26429,26983,28515,27304,9065,8603,4679,1250,5372,3211,0
762,120000,1,3,2,40,-1,-1,1,0,0,1,33923,49387,49564,39185,46597,47540,1958,12088,11631,10967,13229,14797,0
763,500000,2,3,2,55,3,2,2,2,2,2,86485,71069,63880,91434,70296,74501,9405,11425,11294,28388,18386,5701,1
764,500000,2,2,1,29,1,0,0,0,-1,0,276187,249055,342072,337428,244038,321022,82943,33191,52900,78928,58491,56004,0
765,80000,2,2,1,66,0,0,-1,0,0,0,58664,67006,57071,65835,64056,67808,14578,5990,8128,11336,5334,16501,0
766,300000,1,3,1,40,1,0,-1,-1,0,0,176314,167779,150010,180525,154516,195259,58541,6855,51406,49426,17182,55639,0
767,200000,1,4,1,28,2,1,1,0,2,0,8361,8907,8989,8579,11039,8171,377,1698,2735,1020,2285,382,0
768,120000,2,1,1,24,0,0,0,0,1,1,43667,35145,45017,39151,44420,39537,12047,6966,8363,13596,1855,8512,1
769,20000,1,2,2,61,1,1,0,1,1,1,17018,18911,16046,13012,13356,14051,769,3149,4750,3901,465,3189,1
770,80000,1,1,1,26,0,-1,0,-1,0,0,69663,62415,49979,53450,53266,51261,9132,20827,3458,16716,1940,4364,0
771,200000,1,2,1,40,0,0,0,0,1,1,10648,12869,12653,10832,9508,10812,2850,315,2463,3272,3080,326,0
772,500000,2,3,1,52,-1,0,0,0,0,-1,241499,232675,212817,198760,289053,296607,61493,69942,35871,65163,71491,88579,0
773,20000,2,2,2,45,1,0,1,0,1,0,8316,8973,7637,8297,7724,11083,172,2550,971,342,2287,1831,1
774,300000,2,2,2,33,3,3,3,2,4,2,205084,178242,164837,173446,221712,207386,17768,48194,53256,55476,74922,8307,1
775,300000,2,2,2,26,0,0,-1,0,0,0,51046,47842,55636,46171,45033,54570,14136,9244,16397,4711,11317,11500,0
776,500000,1,1,2,54,0,-1,0,-1,0,1,310651,264704,276388,366933,331513,288796,19145,21922,88261,50830,63006,41696,0
777,80000,1,2,2,44,0,-1,-1,0,0,-1,65573,61147,66600,90088,66548,67987,8374,18634,15292,12818,11850,3159,1
778,20000,2,3,2,23,0,0,-1,-1,-1,1,7302,7880,9457,6955,9015,8694,589,2093,1363,672,2399,997,1
779,50000,1,2,1,29,1,0,0,0,0,0,14843,20235,19245,16441,19681,20530,842,5965,5191,2707,6030,2624,0
780,300000,1,2,2,47,1,1,1,1,1,1,19748,20753,19461,24242,17211,23348,5847,2029,1086,4528,5056,4896,0
781,500000,1,3,2,28,0,0,-1,-1,0,-1,51095,49852,51208,43015,44291,41666,2056,10117,15440,2970,8090,6379,0
782,200000,1,1,1,39,0,0,0,0,0,0,222361,183986,168750,206232,185546,177264,43782,28934,4977,28592,51073,9804,1
783,20000,2,2,2,26,0,0,0,0,0,0,17121,19864,19608,16394,19898,16070,4255,4590,5686,2211,3527,3690,0
784,20000,2,1,2,58,-1,-1,-1,-1,-1,-1,808,1092,918,1041,1112,1096,31,293,231,252,163,285,0
785,120000,1,4,2,50,-1,0,1,0,0,0,100374,122557,114638,99036,104337,101049,22988,9476,5639,20961,12335,18937,1
786,200000,2,3,1,57,-1,0,0,0,-1,-1,36438,47948,46609,46453,49448,41050,4745,3712,3193,11906,1879,1679,0
787,20000,2,2,2,23,0,0,1,0,0,1,12594,10337,10973,11771,10250,12049,3716,355,1857,3280,885,651,1
788,200000,2,1,2,38,1,0,1,0,-1,0,111754,136943,119452,121401,159222,111464,31651,9842,14209,29149,41541,36976,1
789,120000,2,1,1,33,1,1,1,1,1,1,55707,52907,44025,44894,54277,43995,15708,5251,13480,4471,4161,3629,1
790,20000,2,2,1,50,1,2,1,1,1,1,12631,13012,12199,11121,11618,12063,1914,571,1020,2065,3687,1465,0
791,20000,2,2,1,59,0,0,1,0,1,0,12906,13177,14442,15525,15377,11846,3761,1810,2276,2700,706,2924,0
792,120000,1,4,1,31,1,-1,0,-1,0,1,32303,27571,30806,27431,26659,28427,7361,6694,3264,1218,982,7996,0
793,300000,1,3,3,57,0,-1,-1,0,0,1,315594,331990,357206,258335,324147,357518,45750,93526,22136,81421,57943,114633,1
794,300000,1,2,2,48,-1,-1,0,-1,1,0,86215,86155,81349,73586,57887,60999,4019,11555,8599,3692,5411,9174,0
795,120000,2,3,1,59,0,0,0,0,0,0,5872,6253,7651,5722,5863,5846,246,298,2324,1958,316,2031,1
796,80000,1,4,1,24,0,0,1,0,1,0,91357,66000,80075,87780,78233,81817,9406,17859,20508,2675,3110,4441,0
797,500000,1,2,3,67,1,0,1,2,0,0,199181,258934,203666,258912,262736,237380,23675,38604,65519,67522,50972,69494,1
798,120000,2,2,1,41,-1,-1,0,-1,-1,-1,48283,55607,53510,43671,60582,61097,15744,5725,8226,5017,6398,6708,1
799,80000,1,3,2,34,-1,-1,0,0,-1,-1,29032,21216,21738,25600,25512,20123,10160,3719,2159,8155,5189,6625,0
800,120000,1,1,1,29,-1,-1,-1,-1,-1,0,7807,7652,6867,8880,9405,9478,526,2602,196,2592,648,2908,1
801,20000,1,3,1,67,0,-1,0,1,1,0,5275,6094,5493,5375,6682,5940,1746,871,1007,151,187,1613,1
802,80000,2,1,2,62,0,0,1,0,0,0,27831,36912,31929,35491,37482,30093,7045,12425,1057,966,1086,6597,0
803,120000,1,2,1,27,0,0,1,-1,0,0,56172,72683,70808,64372,55191,65435,10366,7526,1516,14100,3155,5939,0
804,500000,1,3,2,41,0,0,1,-1,0,1,228095,208775,228855,240380,240047,233612,76422,11447,50245,16674,67859,40282,0
805,300000,1,2,1,55,2,2,2,2,3,2,258535,236701,213893,272423,265479,232706,66060,17011,15912,6721,44603,7325,0
806,300000,2,2,2,48,0,2,1,1,1,1,280962,303249,322347,284022,308038,245262,60661,83498,65993,96386,69577,62321,1
807,120000,2,2,2,29,0,0,0,1,0,1,47134,35450,43379,45396,43323,38332,4201,6998,9077,10388,13375,2232,0
808,20000,2,1,2,37,2,1,3,3,3,1,15580,19332,17108,18978,21821,19750,1568,4099,4428,447,1967,2078,1
809,80000,2,1,1,38,0,0,-1,1,0,-1,79664,71389,63154,76342,82898,58410,25555,24225,9247,13884,25494,5891,0
810,500000,2,2,2,34,2,1,1,1,1,1,482769,438207,397893,465664,478538,391281,43914,81767,100548,33521,127319,109567,0
811,20000,2,2,3,66,0,-1,-1,-1,-1,-1,15956,16187,16825,15414,16160,13497,489,948,2368,4403,4210,2054,0
812,500000,2,2,1,30,0,0,0,0,-1,0,129350,96434,104635,106179,120134,127018,13951,24794,5469,3128,36922,24946,0
813,200000,2,1,1,54,-1,0,0,-1,0,0,53803,51473,54497,47104,48660,55195,9608,4560,6664,6707,2994,4903,1
814,50000,2,3,2,63,-1,-1,-1,-1,-1,0,38448,48598,41587,45328,45475,36953,5615,10298,935,4467,9020,4813,0
815,300000,2,2,1,58,0,1,-1,0,1,-1,164098,159994,178630,146911,188862,189676,53957,48309,30833,50491,33913,35834,0
816,300000,2,2,2,58,-1,-1,-1,-1,-1,-1,314463,310500,217327,222933,304577,290358,49725,55094,57440,10205,72830,24415,0
817,20000,1,2,2,28,1,-1,0,1,0,0,16038,12989,14646,14805,16231,17110,5026,1606,4085,3813,1599,4237,1
818,20000,1,1,1,27,0,-1,-1,0,-1,-1,4164,5563,4706,3992,4627,5038,900,1167,454,709,286,847,1
819,200000,2,3,2,57,-1,-1,-1,-1,-1,-1,86591,72473,77336,79166,82333,81588,16708,4485,4242,22913,28095,28115,0
820,500000,2,2,2,56,3,4,3,3,3,3,546134,583305,583639,462411,558428,543263,39793,70869,47386,41941,96984,55062,1
821,20000,1,1,1,55,-1,0,0,0,0,0,1139,1017,1362,1318,1470,1277,124,189,469,398,141,192,0
822,200000,2,4,2,40,2,3,2,2,2,2,154061,149420,132014,174833,175425,169562,47168,15520,16236,58327,10956,55131,1
823,20000,2,3,1,45,-1,0,0,-1,1,0,22401,17098,21707,22539,21565,22816,6213,563,3509,2035,4655,7127,0
824,200000,2,3,1,21,0,-1,0,-1,-1,-1,29073,27738,24531,34270,31457,29149,4874,5910,1102,3430,2163,5240,0
825,200000,1,3,2,34,1,0,-1,0,0,0,53633,52503,71519,72131,51181,62911,17161,8002,20059,24381,4115,3824,0
826,20000,1,3,1,45,0,-1,0,1,0,0,11631,10008,11069,9462,12552,11205,3376,1490,1859,1544,4195,1735,1
827,200000,2,2,2,26,-1,0,-1,0,-1,-1,177200,141115,149994,156244,160681,184143,10098,49241,7325,46190,4760,39373,0
828,500000,2,2,1,27,2,2,1,1,1,3,255311,213357,241495,244063,304376,285009,56157,12137,42520,72731,24853,29611,1
829,500000,2,2,2,23,0,0,1,0,1,0,54187,54990,43581,41880,40671,53600,15368,3897,11129,5133,9822,4452,1
830,20000,2,2,1,30,1,1,2,0,1,0,3234,3261,3895,3784,3900,2741,927,1008,685,298,357,535,0
831,50000,2,1,2,67,0,0,0,0,0,0,23341,16593,18705,23486,20149,24040,1170,1045,6353,3310,1612,1877,1
832,50000,1,1,2,53,0,0,1,0,0,0,19775,20819,15179,18453,15074,16545,1861,6720,4669,3973,3069,5105,0
833,120000,1,2,2,65,-1,0,0,-1,-1,1,34356,32651,34455,35412,31860,27514,5369,7893,6542,6517,7954,1224,1
834,50000,1,3,3,33,3,3,3,2,2,3,43063,38600,37730,46273,45892,37692,4437,7499,12464,12176,7439,13035,1
835,300000,2,3,2,49,0,1,-1,0,-1,-1,18350,20374,17496,20390,23224,17288,1026,2279,5034,4100,6452,3414,1
836,300000,2,2,2,62,-1,-1,-1,-1,-1,-1,275273,251513,269612,217220,272992,248257,62625,34866,38157,62085,78899,85543,0
837,300000,1,1,2,37,0,-1,-1,0,-1,-1,231106,287071,224235,330476,285222,228051,43324,83986,61567,17944,64351,61117,0
838,50000,2,2,2,51,-1,0,0,0,1,1,32740,37160,36834,35012,27074,28101,2329,1448,6885,5773,5703,1979,0
839,20000,1,2,2,53,3,4,3,3,3,4,10604,13377,13236,12159,14787,10357,2264,3660,2619,307,4279,984,1
840,500000,1,3,2,60,2,3,2,3,2,2,94653,111511,84111,79686,111686,81411,3830,32692,16132,4770,2787,4501,1
841,80000,1,3,1,66,-1,0,0,0,0,0,50775,51548,46761,52912,52515,56622,7433,13040,13336,6846,9899,14755,0
842,200000,1,3,2,49,3,3,3,3,3,3,78354,96793,73276,90752,65902,82313,22059,3676,23677,28813,4117,6227,1
843,500000,2,3,2,48,1,1,1,2,1,1,127714,134786,133841,134377,145616,109232,40065,35728,16789,19545,13558,27942,0
844,20000,1,4,1,61,0,0,0,0,0,-1,10277,12968,12450,14524,10988,12414,1037,3354,2886,1601,3660,3769,0
845,20000,2,2,1,53,1,0,0,-1,0,1,826,983,995,857,1063,934,250,23,226,206,22,145,0
846,20000,2,1,3,37,-1,-1,-1,-1,-1,-1,6057,6827,6111,7291,5114,6314,1903,2146,1911,1838,620,1503,0
847,50000,1,1,1,50,0,1,0,0,-1,0,38668,27337,37630,35518,28253,31544,8517,1739,6306,6351,2004,9949,0
848,20000,1,2,1,46,-1,0,-1,0,1,0,11168,8198,7974,10545,8406,10240,3843,2763,659,1214,1750,2749,0
849,300000,2,2,1,31,-1,-1,-1,-1,0,0,65189,49169,64478,64384,60766,47290,6599,2131,5610,7700,18145,2986,1
850,200000,1,1,1,45,1,1,3,2,3,3,7564,8180,7871,10196,9549,7993,323,806,290,828,1422,931,1
851,500000,2,4,2,50,4,3,2,3,2,3,139631,176674,172491,139172,165842,182107,41656,43776,9183,19435,49134,35831,1
852,300000,1,1,2,63,1,0,0,1,0,0,169119,186951,171297,196882,161632,165869,30780,12205,20453,14869,26714,17782,1
853,500000,2,4,3,48,0,0,-1,-1,0,0,294950,239297,234991,283558,321504,239801,39620,19392,12653,65832,102876,44831,1
854,50000,2,3,2,28,0,-1,-1,0,-1,0,9184,8245,8018,6948,8312,7533,351,195,2465,2190,2489,2519,0
855,80000,1,2,2,67,-1,-1,-1,0,0,0,56561,45539,59247,54283,43326,55304,2337,13331,8262,5640,3423,9376,0
856,300000,1,2,1,48,0,-1,-1,0,0,1,301066,341354,341939,301527,333828,255274,15034,11064,48416,30131,104178,27148,0
857,50000,2,2,2,34,0,0,0,-1,-1,0,31020,35403,33031,30778,30692,28562,2500,8098,8917,9737,2564,1952,0
858,20000,1,2,1,56,-1,0,1,-1,1,-1,13064,9550,10501,10641,11444,10274,4444,2026,1254,2207,2080,3260,1
859,200000,2,1,1,39,0,-1,-1,-1,-1,-1,115233,124315,133174,106182,122697,114613,13005,23459,34093,27695,10390,10983,0
860,300000,2,4,3,38,-1,-1,-1,-1,-1,0,299587,315516,238506,232960,289645,264655,86768,45371,69500,73013,42732,22203,1
861,500000,1,2,2,60,-1,-1,0,-1,-1,-1,517563,507118,505353,526082,388498,402728,13667,60273,70172,125965,134128,81300,0
862,500000,2,2,1,61,3,2,2,3,1,3,35630,47750,37642,37197,41475,40899,4496,16034,6688,9857,11301,7049,1
863,20000,2,3,2,45,-1,-1,0,-1,0,-1,5643,4546,5455,5067,4680,3919,1800,1269,689,748,949,577,0
864,300000,1,2,2,38,0,1,0,-1,0,1,53168,41146,50359,47331,51141,55309,4309,13351,8039,15600,16810,11667,0
865,300000,2,2,1,61,0,-1,0,0,0,0,262543,254212,225382,209826,214026,246048,29858,66650,47701,52936,29685,51154,1
866,200000,1,2,1,29,1,0,1,1,0,-1,14905,14979,18638,15983,15654,14542,4363,4397,2523,697,1207,619,0
867,300000,1,1,1,56,-1,-1,-1,0,1,0,234303,310981,254612,261010,254031,239893,14072,105166,44089,56488,74571,37644,0
868,300000,2,2,2,48,-1,-1,-1,-1,0,-1,20457,21003,16435,21958,18912,20863,768,3564,3019,1125,454,5381,0
869,120000,2,2,2,61,0,-1,0,-1,1,0,63086,69003,66916,88055,66158,81779,21371,22030,1879,16932,18889,11935,1
870,20000,1,2,2,40,-1,1,0,-1,1,1,5223,6176,5615,5899,6635,5846,802,211,415,290,180,2041,1
871,120000,1,1,1,60,0,-1,-1,1,0,0,57222,66732,53082,48780,55585,51218,13567,3710,10544,11072,6328,5002,0
872,50000,2,2,3,21,0,1,0,-1,0,1,18813,27533,25126,24399,22717,23790,1165,5006,524,4162,3119,4372,0
873,20000,2,2,2,56,0,0,-1,-1,1,-1,16645,14386,16757,14787,15643,13923,1542,2442,4229,2994,1957,3374,0
874,20000,1,2,2,24,0,0,1,0,-1,0,10603,11645,10256,10403,9921,8752,1821,1916,3269,2435,995,1757,0
875,200000,1,1,1,51,0,0,-1,0,-1,1,74677,78855,107363,87749,97065,84301,18131,15555,28881,9004,5406,2773,0
876,120000,2,1,2,30,0,0,-1,0,0,0,91158,104059,103610,95136,95194,98592,10644,20568,12813,11934,2003,18684,0
877,120000,1,2,2,66,-1,0,0,-1,-1,0,92171,120538,93650,103405,123705,105635,28750,37039,15775,18518,34099,35801,0
878,300000,1,1,1,57,1,1,0,-1,0,1,200749,208703,238535,280434,244600,197849,55763,27997,55992,58016,41773,30508,0
879,120000,1,2,1,25,0,-1,0,0,1,0,89815,99007,105101,87495,85549,76623,18143,12312,25701,28418,6282,4470,0
880,200000,1,4,1,62,-1,-1,-1,-1,-1,-1,102629,111835,91152,96135,90366,106591,17604,28140,31226,13086,4257,2879,0
881,20000,2,2,1,32,-1,-1,-1,-1,-1,-1,17031,19968,17318,21283,17744,18365,3822,4672,3163,4581,1985,2865,0
882,300000,2,3,2,46,0,-1,0,0,0,0,161027,144020,180999,144835,176458,164287,42100,42320,18524,46990,24164,13331,1
883,120000,2,1,1,25,-1,0,0,0,0,0,107620,123508,125142,93903,95614,115932,6945,15075,17460,24122,16471,34252,0
884,50000,2,1,1,25,1,1,1,2,0,2,42248,46161,46255,35199,36180,40782,12732,1020,15005,4517,1930,13631,1
885,300000,2,3,2,32,1,2,2,3,1,2,53117,53056,65090,61356,60248,55950,9640,17590,14892,9623,20687,18484,0
886,300000,1,3,1,46,2,3,2,3,2,2,28989,23575,23182,27359,27494,31622,9527,815,7075,8481,2988,4540,0
887,20000,1,3,1,46,1,0,-1,0,0,1,15616,17484,16342,15346,17656,17329,5236,4273,4231,2523,2924,2947,1
888,50000,2,1,2,61,0,0,0,0,0,-1,30407,36892,39456,29309,28563,33544,916,4655,13359,3023,7254,4158,0
889,20000,1,3,1,28,0,-1,-1,1,0,1,13393,12267,11101,10790,14352,13230,1967,1959,2058,2078,1756,828,0
890,50000,2,2,1,56,0,1,0,0,-1,-1,54753,56637,40187,47127,53603,39737,10603,16795,13401,3835,2531,8125,1
891,20000,2,2,1,21,0,0,0,0,0,0,9398,9717,9910,11137,12627,9194,1861,1539,3095,2361,1821,748,1
892,200000,1,1,1,34,0,0,0,1,0,0,79051,85127,83032,71982,72045,70225,23034,5758,24761,24991,14585,2781,0
893,120000,2,4,2,29,-1,-1,-1,-1,-1,-1,78694,70244,75982,70580,65069,77688,5238,18893,25066,23987,19376,23330,0
894,500000,1,1,1,26,-1,0,-1,-1,0,-1,30068,29043,41118,38869,28642,41597,6777,774,7953,8650,4050,11793,0
895,300000,1,3,1,48,-1,-1,0,-1,-1,-1,209368,214488,167179,190179,201125,193590,69312,23735,44324,59425,63061,63047,0
896,200000,2,2,3,63,-1,0,-1,-1,-1,0,176249,202763,191353,190590,157765,197531,61494,40058,38894,55080,31585,25292,0
897,120000,1,3,2,52,2,2,3,2,2,1,6297,5094,4661,5883,5120,4673,146,837,1287,1963,1314,1436,0
898,20000,2,3,1,61,-1,-1,-1,-1,-1,-1,19884,20053,20131,15095,15614,20097,6779,4505,5476,4651,467,3044,0
899,20000,2,3,1,48,1,0,-1,0,0,-1,19506,19152,16667,16994,18724,13616,1176,2793,4504,5386,5909,599,1
900,200000,2,1,2,23,2,3,3,2,2,2,30154,32681,32073,25189,26699,34390,5946,4865,5176,2411,2414,5883,0
901,20000,1,1,2,37,0,0,0,0,-1,-1,18579,14614,15691,18639,16665,14714,1882,1973,4437,1344,2125,2983,1
902,20000,1,2,2,59,-1,0,0,0,0,0,14026,13619,12969,15276,17114,12666,3087,4260,4010,527,3299,2059,0
903,50000,1,2,1,23,0,0,-1,0,1,1,23650,28442,21304,26660,29870,26476,761,731,4899,6333,10058,7391,1
904,500000,1,1,1,25,1,0,-1,1,0,1,159511,163038,157490,160183,156176,118266,15735,53815,26778,52549,20938,16096,0
905,120000,2,1,1,60,1,0,0,-1,1,1,36957,34133,33162,36569,39071,31264,4404,4717,10000,12724,3624,10127,0
906,200000,1,2,2,23,2,1,1,2,2,0,142942,124629,143022,106342,101400,135112,46048,17499,39601,32037,34175,6008,1
907,80000,1,1,2,66,1,1,1,1,1,1,18426,19363,20356,25982,19390,24606,3917,5025,3561,7644,5560,6341,1
908,50000,2,1,1,56,1,1,1,1,1,0,15834,17688,18139,16881,16086,16367,4017,2620,3833,3228,3843,5344,0
909,80000,1,3,2,52,4,3,3,3,3,3,65254,79460,68015,72363,72581,76182,15862,17758,16753,12239,11263,15430,1
910,20000,1,2,1,46,0,1,0,-1,0,0,15076,12042,12230,13697,14092,15427,2253,3831,3022,3168,2237,4781,0
911,300000,1,4,2,25,1,0,0,1,1,2,187802,238567,229482,218460,226966,195052,4624,71390,28144,6006,75743,48432,1
912,50000,2,4,2,40,0,0,-1,0,-1,0,45182,50885,45630,48596,46496,47036,2499,9671,5319,13710,1987,1166,1
913,80000,2,1,2,58,0,1,0,0,-1,0,4713,3875,3843,4488,4302,4162,807,993,1202,1063,1161,1005,0
914,500000,1,3,1,63,1,1,1,2,1,1,155955,161602,145202,151821,114542,161060,51562,24160,47802,11556,25013,38117,0
915,200000,2,2,2,42,0,1,2,0,0,2,149524,115630,125317,136129,162206,131015,15264,31924,19133,31279,55082,2621,1
916,120000,2,2,1,60,3,2,2,3,2,1,47715,45843,57296,61766,63537,60325,11949,3491,18415,13454,12978,9351,1
917,120000,2,1,2,57,1,0,0,0,1,0,17288,18248,19432,20821,17072,18291,5061,639,3406,5830,1921,600,0
918,300000,1,1,1,23,1,0,0,1,0,0,255949,241860,199514,196517,228852,258479,81708,47995,14998,58241,63477,30161,0
919,50000,1,1,2,50,0,-1,0,0,0,-1,3600,4037,4185,4617,5278,4967,420,367,1095,478,1822,1716,0
920,200000,2,2,1,49,-1,1,1,0,0,1,110445,134388,94834,92716,133216,114827,36151,35005,3332,26774,42557,37926,1
921,500000,1,4,1,46,1,1,1,1,2,0,342716,263741,234860,270105,280059,241199,75614,14093,13526,21633,32840,59335,0
922,200000,2,2,1,57,2,1,0,2,1,1,109258,119113,107626,144941,108066,150869,20515,2716,35573,21754,14512,21281,0
923,120000,2,3,1,62,0,0,0,-1,0,-1,48482,46892,43243,46564,49845,43389,13423,11393,8251,8501,13412,6544,0
924,50000,1,4,1,46,1,-1,-1,0,1,0,2917,3885,2770,3833,3527,3457,288,719,298,1094,766,112,1
925,50000,2,2,2,36,0,-1,-1,1,0,0,39377,45619,51598,44938,48441,45140,11346,15244,9212,14261,1154,5941,0
926,500000,2,1,1,67,-1,0,-1,-1,-1,0,411911,378818,517732,391029,426763,407884,96588,38514,109137,10042,28513,113737,0
927,120000,2,3,1,66,0,0,1,0,-1,1,71428,57396,48950,51825,68685,60582,20270,3482,11299,13645,3311,11594,0
928,80000,2,2,1,53,2,1,1,1,1,2,5300,4527,5238,4568,5206,5164,1602,125,706,1414,411,915,0
929,80000,2,1,1,51,1,0,-1,-1,0,0,53065,48439,38779,45761,47653,45984,11871,8070,5733,15326,5747,2302,0
930,200000,2,2,2,25,3,3,4,3,3,2,65849,74646,58691,70305,76278,59802,2115,3976,11821,7621,25871,19332,0
931,120000,2,4,3,39,-1,-1,-1,0,0,0,30257,25194,31468,27863,24978,29088,3578,6952,7136,2147,6075,3298,1
932,200000,2,2,1,30,0,1,0,1,1,1,42626,41890,40563,35701,40107,40556,13203,1832,13144,6592,1526,5935,0
933,50000,2,2,2,45,1,0,0,0,0,-1,11246,11938,8769,9468,11473,11682,2551,3866,1310,3004,2528,1508,1
934,200000,1,1,2,59,0,0,1,0,1,1,79747,65081,82587,62961,76481,59310,25018,12917,25490,7816,12550,7620,1
935,120000,1,1,3,31,0,1,0,1,-1,0,41783,33081,43948,41502,44759,37727,6137,8263,15283,7747,12032,8216,1
936,500000,1,1,1,67,0,0,0,0,0,-1,455277,476289,432618,390806,435074,352048,84936,30102,57049,136208,135610,79886,0
937,50000,2,3,1,27,2,2,2,2,1,3,22057,21205,28168,22555,24161,28455,6719,1050,816,3845,1003,6189,1
938,50000,2,3,2,25,0,0,0,0,0,0,26107,19585,25319,22143,20832,23505,7087,2677,5556,5033,7153,1001,1
939,120000,2,1,2,66,0,-1,-1,-1,-1,-1,19980,17784,24167,19862,22394,21664,2888,3409,7690,6922,875,7364,0
940,120000,1,2,2,25,-1,0,1,0,0,-1,127536,108772,106182,100851,90221,126542,3503,22832,3994,14239,23609,32346,0
941,200000,2,1,2,55,0,1,0,0,0,0,18419,20076,21872,21805,19983,17959,5719,2586,1860,2400,6355,5590,0
942,80000,2,1,1,56,0,0,0,0,0,0,18608,22216,22183,20485,20980,21267,5200,2443,5393,2321,5624,1545,0
943,500000,1,2,2,36,0,0,0,0,-1,0,297347,309952,290082,279215,301957,351453,50020,106581,83307,62436,21064,115134,0
944,120000,2,2,2,24,0,0,-1,1,-1,0,88907,87369,69234,77124,75743,87232,17804,9608,3364,5683,6713,22519,0
945,20000,2,2,1,35,1,0,0,0,0,0,15589,14302,15375,13261,16267,17330,1362,936,2153,985,546,3210,0
946,20000,2,2,2,24,0,0,0,1,1,1,9926,9917,7308,10180,7150,10444,1548,1374,721,1077,452,288,0
947,500000,1,2,1,52,1,1,1,1,1,0,202499,225040,155772,203614,196835,203516,14955,27067,52714,40419,7900,21074,0
948,20000,2,1,2,62,0,0,0,0,0,0,5692,6534,6350,6335,5878,5531,509,1040,1557,1891,221,1641,0
949,500000,2,1,2,67,-1,0,0,0,0,0,299859,280430,347672,302459,343112,260942,89748,63328,61524,58876,70508,37870,0
950,50000,2,4,2,58,2,2,2,3,2,2,21146,21179,15972,17100,19165,21771,2952,4639,4864,4758,868,5308,1
951,20000,2,3,3,57,1,-1,1,0,0,0,8316,6307,6540,6913,7997,5890,2402,1579,1291,2322,1281,1538,0
952,80000,2,4,2,62,2,4,4,2,4,2,4598,4456,5434,4454,5474,4818,811,319,1742,1176,1391,1329,0
953,200000,1,3,1,57,-1,-1,-1,-1,-1,-1,223781,224968,183788,216134,220300,222364,9702,7910,18159,50169,5506,32504,0
954,80000,2,2,1,51,1,0,-1,0,0,0,6650,7141,9011,8960,9376,9068,926,2006,261,203,2164,2903,0
955,300000,2,4,1,67,0,0,0,1,0,0,97794,77167,92885,83443,81308,77297,7063,7073,14999,14016,21942,8999,0
956,200000,2,2,1,36,-1,0,-1,0,0,1,207116,189574,193860,205647,171480,204025,51547,23539,16945,22303,33798,60371,1
957,80000,1,1,1,40,1,0,0,0,0,0,58321,62224,51972,50356,65122,57285,18707,10601,15372,9522,11523,9174,0
958,200000,1,1,1,63,1,-1,-1,0,0,0,96560,124706,112948,105760,121848,139310,26246,31972,22122,35308,31823,13554,1
959,500000,2,1,1,35,0,0,1,1,0,0,365320,294275,356445,286376,354756,349788,101151,21771,41083,36011,69110,46640,0
960,80000,1,1,1,35,2,2,1,3,2,1,10282,11944,8896,9824,11753,11187,3130,3795,2448,717,2210,3175,0
961,50000,2,2,2,28,1,0,0,-1,0,0,35378,36866,35979,36601,34761,33026,9774,4648,6975,10707,9892,7361,0
962,80000,1,3,1,33,-1,-1,-1,-1,-1,-1,19636,26837,21724,26404,19738,20479,4077,9239,4038,9159,5850,1333,0
963,300000,2,3,2,48,0,-1,0,0,0,0,320372,257758,309431,269262,305178,279138,81922,29432,24649,74699,43206,17002,1
964,50000,2,2,2,62,1,1,0,0,0,1,11656,10750,13373,12550,13990,14515,1833,2789,4659,824,2197,3581,1
965,500000,1,1,2,27,-1,-1,0,-1,-1,-1,320778,331592,351077,271146,363822,325420,13908,47848,83372,54698,103416,32227,0
966,200000,2,3,1,52,0,-1,0,0,0,0,135122,100207,124044,93981,122540,129761,34164,29668,37472,14446,24484,11530,0
967,200000,1,2,1,57,0,0,0,0,-1,0,40055,38164,29488,32223,32053,29536,10340,6586,7982,7380,7905,7896,0
968,80000,2,1,2,63,-1,-1,-1,-1,-1,-1,32039,28039,36498,26848,26037,29217,3006,8615,6787,6460,1166,3695,0
969,500000,2,2,2,56,0,-1,0,-1,0,-1,402372,386426,449470,373141,380528,413403,134714,103871,10432,106845,19586,17586,0
970,20000,2,2,1,28,0,0,0,0,1,0,4306,4330,4512,4343,4711,5282,160,923,1082,430,920,846,0
971,80000,1,2,2,43,1,1,1,0,1,1,75976,75429,77159,67645,85944,77714,19971,7731,4108,22887,24953,16151,1
972,80000,1,3,2,65,0,-1,0,0,-1,0,22523,22435,24237,27801,28052,25190,7648,2372,8174,2525,3491,5503,0
973,120000,2,3,1,63,0,1,-1,1,-1,0,64704,72604,90264,91365,89194,64331,7895,25205,9230,5568,30059,2528,0
974,120000,2,2,2,49,1,2,1,3,1,2,64732,67488,73132,61766,76859,82752,20786,21959,10327,18130,20821,14040,0
975,50000,2,1,1,66,0,0,-1,-1,0,0,25903,27984,23810,26886,22743,28855,7582,1837,4809,4647,6321,4000,0
976,50000,1,3,1,52,-1,-1,-1,-1,-1,-1,29592,36820,39283,35874,33784,37893,7858,3215,7301,6521,9974,6371,0
977,20000,1,2,2,24,1,1,0,1,1,1,13058,13164,15800,15705,13460,16411,4371,727,3731,1965,1399,554,1
978,200000,2,1,1,63,-1,0,0,-1,0,0,146691,106568,109380,137746,105423,134772,34595,9211,30466,4864,13600,15842,0
979,80000,1,2,2,28,1,0,1,0,0,0,39570,37775,48969,46781,46613,51692,7253,4373,13222,3924,2754,12010,0
980,120000,1,2,1,38,0,-1,1,0,0,1,81510,67081,84186,88176,72712,83652,19804,19883,26911,23925,10580,5148,0
981,200000,2,2,1,32,2,3,3,3,3,2,83267,85443,80540,74352,70011,69140,12981,4392,14100,6993,2228,23268,1
982,200000,1,1,2,54,2,2,3,2,3,3,23101,21496,22634,22156,24375,21119,2938,6687,4442,7700,6532,7349,0
983,120000,2,2,1,22,1,1,-1,0,1,0,19177,28164,24897,25145,25063,27183,904,9596,7679,7026,7139,3776,0
984,200000,1,1,1,51,1,1,1,1,1,0,100433,140215,126063,146063,104138,143155,14536,15840,14266,43823,9424,35032,0
985,200000,2,1,2,61,0,0,0,0,0,0,210990,155640,224611,186289,202960,202955,60143,26545,22720,57411,36871,46611,0
986,200000,2,1,2,58,1,1,0,0,0,-1,13570,11835,13742,16319,11418,12658,4505,2304,316,4197,2760,951,0
987,200000,2,4,2,35,1,1,1,1,-1,0,94018,91988,119984,120579,114278,126999,32135,8083,31639,20961,30288,18809,0
988,80000,1,2,1,63,-1,-1,0,-1,-1,-1,21474,19593,25599,24734,24028,20448,1893,5122,6320,7979,8167,7026,1
989,50000,2,2,1,38,-1,-1,-1,-1,-1,-1,29295,29565,24973,32940,29209,25996,6110,6250,2779,5295,2518,1615,1
990,300000,2,2,2,52,-1,-1,-1,-1,-1,-1,196113,190718,187703,251070,252309,232870,41183,10874,11801,12960,25588,48858,1
991,80000,1,3,1,44,-1,-1,-1,-1,-1,-1,61244,49543,71506,60674,57377,61845,4782,15639,2433,13155,17315,13465,0
992,120000,1,2,1,24,1,0,-1,0,0,1,89997,75384,97240,98676,78758,83683,19073,9025,17599,5411,4101,6299,1
993,50000,1,3,2,21,2,2,1,2,3,1,41305,42361,37979,32305,39457,41320,5770,3031,3184,7632,11021,8124,1
994,120000,2,2,1,29,1,-1,-1,0,1,0,15328,11014,11005,15997,12775,14777,5073,3788,3101,5585,817,4769,0
995,120000,2,1,1,64,1,1,1,1,1,1,61869,76148,55551,72392,55164,55906,6447,4108,18526,17578,9558,3251,0
996,200000,2,2,1,65,1,1,1,1,1,1,68334,56322,47544,62399,58458,54141,20195,2235,13139,5583,12594,4472,0
997,120000,2,2,2,40,0,1,0,2,2,2,110525,104358,107032,92396,98321,120582,34921,10268,32219,6051,26880,12583,0
998,80000,2,3,2,66,1,-1,1,0,0,0,62688,63139,65181,58549,63023,74682,16476,7914,22615,8056,3642,20001,0
999,500000,2,3,2,23,2,2,2,3,2,2,78216,74157,63634,66374,76356,84953,7105,12099,16829,4520,22291,17882,1
1000,120000,2,2,1,66,0,1,1,1,2,1,34912,32278,35210,30104,37108,28405,3697,7943,7296,6261,11157,5288,0
1001,300000,2,4,1,31,0,1,1,1,0,1,116317,143779,170837,154522,164992,148601,39602,20227,49082,43022,46503,41813,0
1002,300000,1,2,2,22,2,2,2,2,3,2,347351,272499,348285,334972,310750,326125,15638,55747,71771,79450,102333,111804,0
1003,120000,2,2,1,56,-1,0,0,0,0,0,21089,16641,20305,19218,20737,16034,1236,364,3304,4298,6383,1357,1
1004,500000,2,2,2,38,0,-1,0,0,1,-1,269384,239394,288585,282075,302035,312120,92379,35194,8867,46189,82586,89883,0
1005,20000,1,1,2,34,2,2,3,2,2,1,7619,7956,7585,8842,8071,7229,2105,2640,1761,680,1704,1027,1
1006,500000,2,3,2,56,0,-1,0,0,0,1,368946,348543,333366,381211,368930,354597,98252,96093,105403,87856,105826,24175,0
1007,300000,1,1,1,36,1,1,1,1,1,1,234150,213974,172831,215305,226483,162925,17062,56588,42989,34101,77425,17050,0
1008,120000,2,2,3,56,-1,0,-1,-1,-1,-1,34173,38867,37722,31683,36366,30566,6197,4683,5785,3827,8375,4638,0
1009,300000,2,2,1,30,0,-1,0,-1,-1,-1,193840,237443,256905,257676,278663,221528,57658,43000,57437,61214,27882,70163,0
1010,120000,2,1,3,25,1,0,0,0,1,0,16932,18202,16662,15209,15619,15277,2176,5436,4803,2204,1589,2717,0
1011,50000,1,1,2,36,-1,-1,-1,-1,0,-1,34795,40628,36911,35828,49099,35152,2909,12613,10047,2706,13879,7829,0
1012,300000,1,2,2,49,3,3,4,3,4,3,79419,73664,64018,77863,71365,72445,1875,18745,11656,13981,24729,2243,1
1013,50000,1,1,2,31,-1,-1,-1,0,-1,-1,31629,32186,35121,32982,25306,31068,7130,5492,4894,3807,2262,1277,0
1014,80000,1,2,2,27,1,-1,-1,0,0,0,31944,26806,26364,28419,26397,24516,3736,1183,3980,7447,8978,8081,0
1015,120000,1,2,1,56,0,1,0,0,0,0,66272,67123,62775,88675,77443,69652,20213,3986,20063,3150,8405,20661,0
1016,300000,1,1,1,44,3,2,3,2,3,3,90110,90697,94880,103143,72800,78680,10232,1822,7215,31091,11373,14286,0
1017,80000,2,1,2,41,1,0,1,0,0,-1,49542,39146,51177,48878,40826,56245,3468,5423,15597,8418,13051,4844,0
1018,120000,1,3,2,32,-1,-1,-1,-1,-1,-1,5701,5544,5254,5106,5884,5280,1920,153,443,128,1985,175,1
1019,20000,1,4,1,21,-1,-1,-1,-1,-1,-1,7053,9031,7135,6522,8485,8495,2386,1477,2452,417,1757,2904,0
1020,20000,2,1,2,23,-1,0,0,0,0,1,14921,16539,18721,17722,14537,16124,3671,3592,3144,5883,4848,352,0
1021,20000,2,4,2,53,3,2,3,4,3,3,11189,7934,11469,11016,10080,8955,3651,1718,3005,2172,3003,881,1
1022,20000,2,2,1,24,3,3,2,3,3,3,10337,8643,10387,10487,11170,11970,758,1756,2707,2869,3417,2940,1
1023,500000,2,2,1,32,1,0,1,0,0,1,341691,374876,358503,259823,354863,342078,58740,35476,98565,80887,108773,112716,0
1024,300000,2,3,2,63,0,1,-1,-1,0,0,139327,163805,128497,118826,147393,145167,12173,31341,36043,14936,21734,8511,0
1025,300000,2,3,1,37,-1,-1,0,-1,0,0,298709,278365,284913,233059,237152,220665,53169,95575,9372,46724,7142,60767,0
1026,20000,2,3,1,55,1,-1,0,-1,0,1,8668,7550,8836,9080,10357,7806,2436,1258,973,2130,769,1010,1
1027,20000,2,2,1,37,1,1,-1,0,1,0,15925,18015,21630,18913,21972,17318,4758,5559,2072,5630,979,4230,1
1028,50000,2,2,1,64,0,-1,0,0,1,1,39027,40936,49289,37326,42144,43224,834,5971,12348,5921,4214,2242,1
1029,120000,1,2,1,59,0,1,0,0,0,0,43394,60031,49232,53921,43737,62970,6445,13543,12086,18013,1672,19230,1
1030,80000,2,1,2,43,2,2,2,2,1,2,35865,32136,27226,36346,32030,30446,12482,5752,3213,8008,3567,7714,0
1031,120000,1,2,1,53,-1,-1,-1,-1,-1,0,88847,92729,93664,81369,95583,77663,19055,22926,26400,25092,20488,26044,0
1032,50000,2,1,3,40,-1,0,-1,0,-1,1,42532,36386,31334,33137,43499,31922,5007,11502,3848,1574,2894,5931,1
1033,300000,1,2,2,65,-1,-1,-1,-1,-1,-1,72537,76664,71575,68876,77414,63718,10762,12687,9531,11908,9614,19939,0
1034,80000,1,1,2,37,0,-1,-1,-1,-1,-1,24923,21435,21847,25849,26203,18110,3151,5786,3312,2045,2462,3591,0
1035,20000,1,1,3,60,-1,0,-1,-1,0,-1,4409,3568,3063,3123,4004,3491,739,1110,813,1002,205,660,0
1036,300000,2,2,2,49,0,1,0,0,0,1,247064,231759,250331,200782,201340,276330,41180,65019,5979,19585,48948,14154,0
1037,500000,1,2,1,51,-1,0,-1,0,-1,-1,329444,379109,363175,375458,297870,373881,61693,10654,115901,95848,93739,107930,0
1038,20000,2,2,2,37,2,1,0,1,2,1,3794,5225,5164,4225,3884,3988,657,104,1282,172,995,622,0
1039,120000,2,1,1,60,1,2,2,1,3,2,69673,66122,59420,77901,59217,61857,13259,20588,12690,6721,14554,13485,0
1040,300000,1,2,2,56,2,2,2,3,2,1,259120,274025,187254,253696,192780,240448,7575,71431,18410,31851,66392,56439,0
1041,200000,2,2,2,59,0,-1,1,1,0,1,195758,182927,162814,164083,187495,154316,7431,61497,45460,45618,48996,42543,0
1042,300000,1,3,1,58,-1,-1,-1,-1,0,-1,59591,60135,58713,74263,72017,75010,8490,7006,18084,7640,2559,15741,0
1043,80000,1,2,1,28,-1,-1,-1,-1,-1,-1,29300,24725,28573,28466,21592,27775,9142,6923,5300,8242,1986,6237,0
1044,80000,2,2,3,62,1,0,1,0,1,0,29691,24514,28656,30244,34004,30228,8342,6974,3338,8475,7833,5799,0
1045,200000,2,2,1,60,3,3,3,4,2,3,118041,147082,109350,116490,151013,140220,6651,44553,15919,40471,34866,31213,1
1046,50000,1,4,1,32,3,3,3,3,3,3,9946,7279,10438,9276,7534,7703,1823,1807,1642,2258,2220,1283,1
1047,50000,2,3,1,67,0,0,0,0,0,0,11848,10734,9694,13328,9295,9296,2600,704,1172,3070,673,2567,0
1048,200000,1,2,2,45,0,0,0,0,-1,0,145212,143114,149770,129634,157671,166311,25962,35021,38194,28325,54207,47808,0
1049,200000,2,2,2,36,0,1,0,1,-1,1,105341,124153,130132,107447,129766,97714,26356,27249,17296,6035,24704,18628,0
1050,20000,2,1,2,31,0,0,0,-1,-1,0,4076,4648,4204,4652,4337,3189,1422,604,1223,880,1404,218,0
1051,120000,2,4,1,38,3,2,2,2,3,3,48568,56462,46501,47766,40786,58711,2517,5016,8045,14377,7940,8410,1
1052,80000,2,2,1,22,0,-1,1,1,-1,0,11974,12858,16462,11283,14816,15454,2276,4012,3746,303,1210,4592,0
1053,120000,1,2,1,53,0,0,0,-1,0,1,49223,46306,47161,39625,53132,39865,9307,3095,15696,2448,7217,12857,0
1054,500000,2,4,2,54,0,0,-1,0,0,0,230694,192769,172272,230835,194829,248473,47427,30712,28803,50363,18116,26866,1
1055,20000,2,3,2,52,-1,0,-1,-1,-1,-1,2426,3547,2433,3275,3219,2508,182,799,185,980,345,829,0
1056,500000,2,1,2,46,-1,-1,0,0,0,1,51417,42942,59608,42867,50547,56810,11859,14630,12009,5204,15862,6323,0
1057,120000,1,1,1,38,1,0,1,0,0,2,110379,126432,97702,95049,94467,103411,3822,30523,17967,29235,13654,33425,1
1058,300000,2,1,2,55,-1,-1,0,-1,0,-1,251334,303237,303065,276317,312705,271392,66495,36573,84328,36303,25104,89204,1
1059,80000,1,2,1,61,0,0,0,0,-1,0,3459,4011,3023,3974,3288,3947,826,160,918,689,461,736,0
1060,80000,1,1,2,25,1,1,0,0,0,0,49016,58667,45405,45614,60073,44386,6325,7324,11585,15257,13438,14810,1
1061,300000,1,4,2,38,-1,0,0,-1,-1,-1,39296,37593,45908,39473,43415,46727,13610,4384,15635,6229,3746,9404,0
1062,200000,2,4,2,67,-1,-1,-1,0,0,-1,185253,151255,197253,168789,146315,141225,54371,43908,21467,36767,5387,20482,1
1063,50000,2,2,2,61,1,0,0,0,1,0,43964,42404,36537,36498,48279,52379,8706,6117,3614,11997,14860,15051,1
1064,200000,1,2,3,67,-1,-1,-1,0,-1,-1,152614,111217,110504,113365,103284,106622,52936,5837,12832,12157,10219,5950,0
1065,300000,2,2,1,29,0,0,-1,0,0,0,180753,208914,207130,222038,170111,165223,53128,64155,50001,11177,55966,15117,0
1066,80000,2,1,1,42,1,2,1,0,1,2,34662,31783,32482,36983,29348,26422,2271,825,3142,12431,1043,2387,1
1067,500000,2,3,1,27,1,0,0,0,0,-1,144711,163835,136593,131853,164027,136128,31120,3439,6717,26996,38509,30667,0
1068,200000,2,1,2,61,2,3,2,3,1,3,115861,120730,92044,120294,122282,108670,24525,21329,31538,40746,29290,27594,0
1069,80000,2,1,2,45,0,0,0,-1,0,0,15939,11897,16254,14527,12532,14486,3753,509,2012,4445,895,4292,1
1070,20000,2,2,2,32,0,-1,0,0,1,-1,13879,12261,12004,16476,13675,15630,4586,961,1121,3562,3275,4953,0
1071,200000,2,1,2,25,0,0,1,0,1,-1,99022,95694,89922,117749,118360,100368,18058,33028,12444,20669,17507,30990,0
1072,50000,2,2,1,55,0,0,0,-1,-1,-1,12635,9097,9980,11236,11447,10777,575,2716,721,2005,1671,2640,0
1073,300000,2,3,2,59,0,0,0,0,0,0,214744,196867,156544,180646,151503,170274,38262,53573,4978,13509,46900,54809,0
1074,120000,2,3,2,62,0,0,1,0,0,0,116415,106339,98517,83215,92893,102979,32592,25666,11898,14119,31053,11423,0
1075,120000,2,2,1,66,2,0,1,0,1,1,63190,79742,68606,74145,70954,85227,8741,2853,9021,21588,5402,22102,1
1076,50000,1,3,1,59,0,0,-1,1,0,0,22181,27347,28871,26551,25534,26075,642,8090,8304,9194,6275,1181,1
1077,200000,2,2,1,57,-1,0,0,0,0,-1,167624,195540,162847,181949,173305,162056,20126,34315,26667,61300,12314,9938,1
1078,50000,2,3,1,59,3,2,3,3,2,3,2957,2819,2290,2260,2960,2535,724,147,602,762,93,239,1
1079,80000,2,2,2,67,-1,-1,-1,-1,-1,-1,42277,61057,58588,57820,54895,45429,2045,7280,15396,1519,3806,2447,1
1080,300000,2,1,2,42,1,2,2,3,2,1,124778,148006,131931,155979,123619,134930,17976,27477,36989,29667,28362,45696,1
1081,500000,2,4,2,56,1,1,1,1,1,1,118776,125255,106831,101656,125916,96880,7593,3071,34517,8746,32703,16843,0
1082,500000,2,2,1,59,1,1,1,1,1,1,436577,418967,397866,519497,500020,559358,77298,43278,73425,115870,93664,178554,0
1083,500000,2,1,2,26,1,0,1,1,1,1,236200,244975,224672,242323,239519,184881,15754,32056,12200,80481,80011,32777,1
1084,120000,1,1,2,53,-1,0,-1,-1,-1,0,39215,40553,48941,44929,37181,38237,2195,7017,1603,13896,10119,9593,0
1085,50000,1,2,1,36,1,0,1,0,0,0,11727,9986,10940,12118,9927,8539,2934,206,893,3707,727,1077,0
1086,300000,1,2,2,27,1,1,2,1,1,1,282948,296742,335897,302659,288536,286933,20412,61305,98632,42580,25569,95755,1
1087,300000,1,2,1,29,0,1,1,1,1,1,270581,242745,224385,236418,244878,287136,19233,20686,47016,43828,53066,9049,0
1088,500000,2,3,1,26,0,1,0,-1,0,-1,56530,46848,66030,54918,59949,64661,12183,10170,4373,6208,7792,16174,0
1089,200000,2,2,1,63,-1,-1,-1,0,-1,-1,108077,103508,104072,117086,120346,114564,3716,10238,6636,23741,2442,38221,0
1090,20000,2,2,1,57,0,0,0,1,0,0,3621,4163,3366,3346,3543,3319,111,636,1057,401,99,929,1
1091,120000,1,2,2,25,0,0,0,0,1,0,100090,93277,88356,98014,89199,95858,16252,21061,16929,28118,13796,28096,0
1092,120000,2,3,1,50,-1,-1,0,0,1,1,62344,71995,49056,64042,66162,65764,8758,17038,3763,11095,12755,7807,0
1093,300000,1,1,1,52,2,0,2,1,1,0,37000,50779,43963,42666,48152,48269,7389,1528,13889,10714,11344,8162,0
1094,80000,2,1,1,45,1,1,1,1,2,0,50345,44577,40745,44938,51229,45342,17512,8762,10505,13840,13925,2944,0
1095,80000,1,2,1,49,-1,1,0,0,-1,1,64270,82050,80955,69843,83972,75544,10505,23752,14382,8305,28524,10894,0
1096,20000,2,2,1,63,0,0,0,0,0,0,7401,7670,8210,7287,8155,6138,1554,675,1424,1641,2420,139,0
1097,300000,1,3,1,45,0,-1,0,-1,0,0,27445,25419,29081,28107,24238,25015,8874,4970,7036,8407,3331,6929,0
1098,300000,2,2,2,52,0,1,0,-1,0,-1,284507,340413,277092,266707,325709,334905,51054,57091,36476,89011,63985,112023,1
1099,20000,1,3,1,47,0,-1,0,0,0,0,2928,4222,3331,4063,3362,2943,813,1268,1165,299,306,739,0
1100,120000,2,2,2,39,-1,-1,-1,-1,-1,0,54645,50792,67993,70419,64109,55347,10986,8370,18963,17243,21777,15906,0
1101,120000,1,1,1,62,0,1,1,-1,0,0,55911,77414,68353,68781,81546,60707,12875,25660,15824,11254,16039,11500,1
1102,120000,2,1,2,40,-1,0,-1,-1,1,0,31523,27120,32587,35392,29952,27806,10330,6381,8044,4042,3066,2314,0
1103,500000,2,1,2,58,0,1,0,0,0,0,112463,125655,90672,125728,97398,125463,2275,25791,31618,9058,25219,32353,0
1104,50000,2,2,1,49,0,-1,0,-1,0,-1,8102,8011,6772,6691,6661,6490,2570,931,159,1426,1205,770,0
1105,80000,2,2,1,53,0,0,0,0,1,0,7338,7701,8390,7783,10607,8848,1351,1669,230,1013,3700,1518,0
1106,50000,2,2,3,56,-1,-1,-1,-1,0,-1,22579,30021,28760,22086,25862,30259,4972,1900,8025,5309,1154,9598,0
1107,50000,1,2,2,55,0,0,0,1,0,-1,45468,42979,48608,41720,47559,34233,7662,6763,4330,4703,6216,4897,0
1108,500000,1,2,2,47,0,1,0,0,0,0,83911,68276,99216,77280,67934,69899,8903,7773,24417,1560,22473,8072,0
1109,500000,1,2,1,49,0,1,-1,0,0,1,406932,401907,348625,367741,313150,336340,17002,96936,64879,100461,53923,10244,1
1110,20000,1,2,1,44,-1,-1,-1,-1,0,0,7777,9834,8652,8645,7277,7574,2581,2676,1082,633,894,1904,0
1111,200000,2,2,2,36,1,2,1,2,1,3,13172,15419,17183,13606,17491,13559,2975,5033,1655,1405,3841,1234,1
1112,50000,2,2,2,55,0,0,0,-1,0,0,26436,30567,25980,26763,23577,29001,8148,2851,7178,2613,5641,6699,0
1113,50000,2,2,1,62,0,0,0,-1,0,0,15100,11682,14547,11617,16738,12429,1751,3644,1111,1544,847,1752,0
1114,80000,2,2,2,54,-1,1,0,-1,0,1,49823,46459,53652,50853,53386,52887,5567,13898,3883,9161,5637,14804,0
1115,50000,2,2,2,57,0,0,2,0,1,0,15948,20315,16994,17258,22110,22156,2086,6187,2818,4972,2696,6949,1
1116,120000,2,2,1,60,2,2,1,3,1,2,68124,73364,74975,69475,79227,73326,6556,19394,4450,16296,8011,7169,1
1117,500000,2,2,1,38,0,1,0,0,0,0,496877,454702,437219,383344,468665,410515,91589,49266,101303,26136,68588,115544,1
1118,200000,1,2,1,23,0,0,-1,1,0,1,51291,65470,57559,60613,45275,44914,16872,20275,19993,4886,5906,3163,0
1119,300000,2,1,2,36,-1,0,0,0,0,1,303791,321688,258376,255750,280623,229272,93902,70080,68937,76604,73346,15247,0
1120,120000,2,2,2,56,0,0,0,0,-1,0,26481,29516,25480,30680,29894,27654,4856,7804,5581,3143,6506,4462,0
1121,20000,1,3,1,59,1,-1,0,0,0,0,2070,2304,1922,2518,1878,2226,279,202,288,232,303,282,1
1122,20000,2,1,1,45,-1,-1,-1,-1,-1,0,4052,5294,5151,4584,5466,4002,898,380,1782,97,470,1383,0
1123,50000,2,3,2,57,2,1,2,2,3,1,49416,47418,47797,35327,33197,38473,10972,5280,14835,9730,5272,10976,1
1124,50000,2,1,2,24,2,1,2,3,2,2,28059,29064,40427,36389,31558,29788,6892,5485,11755,9595,2510,9346,0
1125,300000,2,2,2,51,0,-1,1,1,1,0,249699,289412,331207,243168,307025,314728,49127,45578,31763,32757,102610,20419,1
1126,300000,2,2,2,52,2,3,3,3,3,3,247423,191119,186446,245753,217881,208748,7133,59803,11332,5508,16852,53357,0
1127,300000,1,1,1,44,0,-1,0,0,0,1,113127,110220,110989,146110,118473,144670,5101,2677,8737,40799,35940,31742,0
1128,200000,1,3,2,54,1,1,1,0,0,0,164705,165550,180482,173471,215694,184176,56221,7684,19016,9157,48130,9715,1
1129,120000,2,2,1,44,1,0,1,1,1,1,104915,121043,116907,105207,101488,110224,27934,15419,5490,18090,29184,31073,0
1130,200000,2,4,1,45,1,0,0,-1,0,0,173840,180117,176150,174650,165549,169288,57875,13572,55166,51914,51854,51082,0
1131,80000,2,2,1,49,0,1,0,0,0,-1,44714,54010,41222,47607,39238,37221,5904,8329,3343,4789,11195,11972,1
1132,200000,2,3,2,58,0,-1,0,0,-1,1,190557,162541,196619,143901,137934,180480,37450,41741,18635,20907,29582,59583,0
1133,300000,1,4,2,32,-1,-1,-1,-1,0,-1,71239,62810,59895,71544,64509,61480,8993,21847,18752,17033,6973,3416,0
1134,300000,2,2,1,35,0,1,-1,0,0,0,276498,235222,281600,254964,306386,274584,88465,20390,94670,61737,72859,85427,1
1135,200000,1,1,2,40,-1,0,0,-1,-1,0,180973,176610,230471,232856,203684,203048,20803,19033,21477,40212,4399,67405,0
1136,20000,1,2,2,30,0,0,0,1,0,0,15278,11503,13807,15481,12549,13998,3803,3148,1616,2525,1814,3470,0
1137,300000,1,2,1,36,-1,-1,-1,-1,-1,0,79890,82953,76755,63438,56216,75329,6212,9106,21801,10050,17040,6076,0
1138,80000,1,4,2,37,0,0,0,0,0,0,16588,12443,16078,13190,17198,12344,907,3138,5469,2379,3638,1879,1
1139,300000,2,2,1,35,0,0,1,0,0,-1,238126,319942,323816,278304,256716,288876,16992,68004,75900,37402,27213,14367,0
1140,120000,2,2,3,40,-1,-1,0,0,0,0,114276,98172,119066,118788,109049,88235,22251,29659,19771,12427,34287,1888,0
1141,500000,1,1,1,44,0,-1,0,0,0,0,413352,387855,365737,325714,308114,341536,123467,12023,88731,40485,7714,110528,0
1142,80000,2,2,1,53,1,1,-1,-1,0,0,90154,87999,72402,70947,64243,67063,31532,30211,20091,12604,20003,22859,0
1143,500000,2,4,2,35,0,1,1,1,1,1,239148,310221,296204,280948,229289,274567,53924,104917,16935,41048,62050,88785,1
1144,300000,1,1,1,60,-1,-1,-1,-1,-1,0,300325,241462,278053,219179,227675,280897,58890,6613,45502,46734,15551,29159,0
1145,80000,1,3,2,43,1,1,1,1,0,1,17250,18675,16728,13188,16234,18159,4824,3451,5067,3010,661,4085,1
1146,120000,1,4,2,54,1,2,1,0,2,1,30358,23749,25435,29129,25278,26594,1245,3621,6429,10158,8440,4917,0
1147,120000,2,1,1,26,0,-1,0,1,0,-1,69407,72280,56736,65001,72189,70731,19926,7508,4013,14495,3040,12992,1
1148,300000,1,1,2,29,1,0,1,0,2,1,124523,87975,107256,111651,92382,126122,33654,30147,28875,29300,31533,20349,0
1149,200000,1,2,2,42,1,1,1,1,2,1,86841,93306,109294,82767,89472,78522,16912,7242,26258,4332,14208,25958,1
1150,300000,1,2,2,38,0,0,1,0,0,-1,210242,265607,223226,246701,236613,265136,5799,28412,23959,66843,32334,74501,1
1151,80000,2,1,2,44,0,0,0,0,0,0,7196,8644,6918,7749,6792,7088,624,196,923,1456,1592,2122,1
1152,120000,1,3,1,28,2,2,1,1,0,0,99661,100584,75436,85454,74203,80650,14152,21270,9335,26145,13630,2534,1
1153,120000,2,2,1,43,4,2,3,3,3,3,13165,14198,15324,18308,12418,18299,4352,4317,5329,6232,1846,2853,0
1154,500000,1,3,2,53,-1,0,0,0,0,0,453446,490439,393384,352256,347024,379276,104610,110462,31717,33823,80250,82429,0
1155,80000,2,3,2,55,1,1,1,2,0,1,22760,17702,20471,18398,18273,22204,4286,4160,6012,6006,2476,5270,1
1156,200000,2,3,2,32,1,1,1,1,0,2,173962,134227,128300,171707,123442,169677,31518,5622,25032,41491,3868,53500,0
1157,20000,2,2,2,37,1,1,1,1,2,1,13108,9822,11028,10827,11751,14126,3636,2513,3424,2857,3432,1061,1
1158,300000,1,2,1,45,2,2,2,2,2,3,139043,111314,102658,146131,121357,128754,17630,17250,35315,25701,23037,6400,1
1159,80000,2,2,2,45,-1,-1,-1,0,-1,0,20403,20421,19680,23382,23573,24916,1044,3600,6635,3205,5813,7842,0
1160,80000,2,1,1,58,-1,-1,0,-1,-1,0,7920,8478,8920,6835,6946,7615,1927,1806,2692,1941,1457,1425,1
1161,200000,1,2,1,39,0,-1,0,-1,0,0,77755,65867,89240,64279,76736,73732,9997,22517,13964,1751,17087,14594,0
1162,120000,1,1,2,52,0,0,0,0,0,0,31623,29381,31410,26445,27187,32396,4030,7841,3440,5246,2508,10162,0
1163,300000,2,2,1,62,1,0,0,1,0,0,47815,44545,60019,61162,62624,50018,8131,10944,7528,2713,20568,13376,0
1164,120000,2,1,3,35,2,1,1,0,1,0,76293,97950,75573,106449,74080,90064,7637,15919,17800,11073,12426,23520,1
1165,120000,1,2,1,59,1,1,2,2,1,1,32156,27239,34540,30549,24478,35711,10423,854,4587,7921,7921,2906,0
1166,20000,1,1,2,36,0,1,0,0,0,-1,5155,4775,5100,4381,5842,4869,1543,944,833,1178,1672,1095,0
1167,20000,2,2,2,36,0,1,0,0,-1,0,8446,7846,8227,7300,6733,8387,2931,1868,381,2287,1734,1413,0
1168,80000,2,3,2,51,-1,0,0,-1,0,-1,38834,45993,40935,37837,34175,35637,13137,11607,11233,9689,5872,7898,1
1169,500000,2,1,2,50,0,1,0,0,-1,0,306371,322015,252939,240151,309408,217978,37919,71036,14363,58276,8500,45769,0
1170,500000,2,3,1,46,0,-1,-1,-1,-1,0,342758,322179,309541,283742,346161,354457,49904,38378,40617,94170,42930,10163,0
1171,200000,2,3,1,31,-1,0,0,1,0,0,135840,143828,103399,116259,127692,121032,34017,13367,22214,22943,30569,16155,1
1172,200000,1,2,1,25,0,0,0,-1,0,-1,110434,106033,97928,96272,81502,113110,2786,5273,19124,22699,10523,19350,0
1173,80000,2,2,1,63,2,2,1,2,1,1,30667,39334,33753,36593,30595,27122,10671,9909,10623,11214,1612,5019,0
1174,50000,1,2,2,62,0,0,0,0,0,-1,13836,12149,17872,14344,13535,12405,326,4135,4242,3901,2583,655,0
1175,20000,1,1,2,62,-1,0,-1,-1,1,1,16863,11826,11850,11709,16058,16633,3294,2285,3322,3209,1139,5264,1
1176,80000,1,2,1,45,-1,-1,-1,-1,-1,-1,24940,23191,28955,22581,26668,27733,6002,5615,3478,4451,3228,3614,0
1177,80000,1,1,1,62,-1,-1,-1,-1,-1,-1,74362,77309,69606,74087,71052,69093,23919,19215,4430,14386,13189,12541,0
1178,50000,2,3,2,43,3,3,4,3,3,3,26081,25994,24595,32351,35647,27054,6065,1904,6525,7572,2080,6466,1
1179,50000,1,4,2,24,2,2,2,2,1,2,36033,28466,30469,28254,39034,38266,7819,2371,2153,7096,2230,9845,1
1180,20000,2,3,1,30,0,0,0,1,0,1,9488,11033,10340,12232,9078,12437,1130,978,3053,2449,810,1800,0
1181,200000,2,2,2,33,-1,1,0,0,1,1,194551,221804,187067,199693,191687,188749,41829,72715,61955,16215,41269,11817,0
1182,500000,2,2,2,38,0,0,0,1,0,0,230543,230801,200803,193664,242672,199398,61647,5802,22764,19749,79585,17629,0
1183,200000,2,4,2,65,0,0,1,-1,1,0,80156,99402,73993,83215,101201,108503,15241,19739,20061,15204,10006,8079,0
1184,120000,2,1,1,36,1,-1,1,0,0,-1,108020,94854,99454,128929,126607,125409,29951,13703,16342,11260,32606,12611,0
1185,80000,2,1,2,49,-1,-1,0,-1,-1,-1,57674,58374,56815,48229,54651,50506,2478,13868,6742,7704,4508,11071,0
1186,80000,1,2,1,33,-1,-1,1,0,1,-1,40834,31318,42774,34074,40977,40009,5335,2905,6941,2335,9413,7873,0
1187,20000,2,2,1,51,0,0,0,0,0,0,7088,5407,5165,5978,4865,5778,2386,1823,1205,408,318,437,0
1188,200000,2,2,2,47,0,0,0,-1,0,0,62286,54885,59193,49334,56923,49346,7893,7096,20484,14714,17018,12084,0
1189,120000,1,1,2,28,-1,-1,-1,-1,-1,0,103428,87101,114391,109229,101679,104915,23293,28356,13614,21730,26947,4303,0
1190,20000,1,2,1,42,1,0,0,0,1,-1,6412,6664,5434,6991,6746,6677,1228,1429,1374,1940,1650,2137,0
1191,80000,1,2,2,25,0,1,0,0,1,0,4631,4223,3356,4416,4073,4016,1523,662,437,105,101,830,1
1192,50000,2,1,1,62,0,-1,0,1,-1,-1,3157,2763,2526,3270,3010,3516,232,724,260,373,891,755,1
1193,50000,1,1,2,54,-1,0,0,0,0,1,47354,39587,42816,53097,49025,48323,5625,8016,9783,1371,3420,5525,0
1194,200000,1,2,3,65,-1,0,0,0,0,0,132108,96678,131151,108194,138299,133340,40238,6354,35571,2284,27113,25179,0
1195,120000,2,3,2,62,1,0,1,1,1,1,72603,49396,69485,71088,57512,54744,17413,12471,17839,2172,15890,8795,1
1196,200000,2,2,2,31,2,3,3,2,2,2,183877,215511,188441,159046,206541,219696,36629,45523,62384,30553,47184,73322,1
1197,200000,1,2,2,54,-1,-1,-1,0,-1,-1,65356,80170,71360,68942,79735,67431,9824,16568,3955,3445,23145,3044,0
1198,500000,2,3,2,25,2,2,2,3,3,2,422000,345971,454100,484177,395380,349479,65719,91193,90102,137246,100395,59894,0
1199,300000,1,2,2,66,-1,0,0,-1,0,0,242894,185436,194520,262347,213954,230710,79796,43697,22560,49935,57661,64875,1
1200,200000,2,3,2,57,-1,0,0,0,0,0,95506,113369,86100,100897,102088,84218,23060,15969,24934,10187,12106,16819,1
1201,500000,2,2,1,52,0,0,0,1,1,0,433798,443769,329816,394525,441993,342244,141679,55516,13347,117077,64135,70680,0
1202,120000,1,2,2,67,0,0,0,-1,0,0,118248,136764,133210,98895,99144,127497,40301,14055,10392,18610,18389,40888,0
1203,500000,2,1,1,60,-1,-1,-1,-1,-1,-1,109008,102278,128593,125979,137868,109330,21857,21457,35333,17103,29425,15741,0
1204,300000,2,1,3,61,3,3,3,3,2,3,19122,18342,19086,14770,20174,20363,4230,2182,2615,3063,5008,421,1
1205,200000,2,4,1,25,0,0,-1,0,0,0,159467,141612,182063,154487,156802,143887,37729,8459,44604,37379,31884,46831,0
1206,500000,2,3,1,22,0,0,0,0,-1,0,240894,241656,185283,209046,173761,206186,71527,67250,64757,42730,44213,6373,0
1207,120000,2,4,2,66,-1,0,0,0,0,1,54586,65743,64988,78865,57370,65029,12963,5852,11161,25853,4001,18412,1
1208,300000,1,3,1,32,-1,-1,-1,0,-1,-1,87206,83420,87081,91856,66357,76754,5043,6207,17057,12566,9969,5070,0
1209,50000,2,1,1,41,-1,-1,-1,-1,-1,-1,39394,34676,49816,50794,35927,41168,13039,10408,17030,7887,11546,1104,0
1210,500000,2,3,2,23,0,0,0,1,0,-1,436788,409973,370888,413058,310332,352247,104002,103191,98771,125330,28425,48272,0
1211,200000,2,2,1,50,0,-1,0,0,-1,0,212205,171468,163206,176121,227662,179078,65162,46781,13861,40573,15346,54643,1
1212,300000,1,3,1,59,0,1,0,1,1,1,134779,170970,179132,123010,159884,121194,21586,23186,51127,41684,42495,3901,1
1213,120000,2,1,2,60,0,-1,-1,0,1,0,140650,103210,113086,114531,133182,123548,24846,23093,21512,32230,11208,13180,1
1214,500000,1,2,1,48,0,0,0,0,0,-1,267679,298790,248340,246027,274450,264885,66203,97890,69493,46564,46934,29689,0
1215,20000,2,3,1,52,0,1,2,2,1,1,12955,10958,10886,13634,13450,12186,3578,1241,2367,3128,3428,624,1
1216,20000,1,3,1,45,-1,-1,0,-1,-1,-1,16121,14757,11151,13137,15962,12252,739,630,1059,2023,2873,619,0
1217,120000,2,2,1,41,0,0,0,1,0,0,72164,68723,64382,71480,55932,71496,11143,5249,18591,4440,17758,22857,1
1218,300000,2,2,1,47,-1,-1,0,0,0,0,189458,167635,183526,166778,189293,157214,51921,53000,3793,25741,58640,39216,1
1219,300000,2,2,1,64,0,-1,0,0,-1,0,92456,69668,69355,73817,90000,90671,32122,7865,21711,8333,16737,11123,0
1220,120000,2,4,2,32,-1,-1,0,-1,-1,-1,43878,44173,40734,51985,55323,41775,1046,8044,11818,12672,18648,4120,0
1221,200000,1,2,2,43,-1,-1,-1,-1,0,-1,128478,132176,145495,149065,140663,171015,13796,25960,49489,35900,16357,5840,0
1222,120000,2,2,1,49,-1,-1,-1,-1,-1,-1,7916,10272,9501,8798,11144,9440,1372,3459,301,2897,1083,1306,0
1223,500000,2,2,1,47,0,0,0,0,0,0,336887,293557,330757,384317,359502,363646,31522,35076,54382,17763,86704,43410,1
1224,200000,1,2,2,22,-1,-1,-1,-1,-1,0,69986,54895,59649,68920,60716,61816,2021,10543,4522,12012,12690,19944,0
1225,80000,1,2,2,34,0,0,-1,0,-1,0,22529,22357,27942,20562,21997,28723,4461,7515,4007,3116,2262,2664,1
1226,500000,1,2,1,51,0,-1,-1,-1,-1,-1,366942,323891,424439,350959,348755,324687,85975,27998,58882,68105,49688,49903,0
1227,20000,2,3,2,53,0,-1,-1,-1,-1,0,4107,4365,4723,5852,4527,5474,646,948,1025,347,438,1341,0
1228,500000,2,3,1,55,0,-1,0,0,-1,1,456397,526719,523097,428809,393560,391720,64835,21590,85971,78116,38648,49352,0
1229,50000,2,4,2,67,-1,-1,-1,-1,0,-1,54810,40365,57154,48160,41996,51035,18923,4310,19354,11404,5933,14187,1
1230,80000,1,2,2,52,3,3,3,3,3,4,32637,45353,31436,35298,44189,42520,5795,1942,3510,4361,14361,11040,0
1231,300000,2,2,2,48,0,0,1,0,0,-1,140123,142324,150096,130940,148777,127531,39705,18352,23743,30724,43966,4043,1
1232,300000,1,3,1,36,0,0,0,0,0,1,39733,34551,35934,42778,41310,38007,4560,3044,9027,4605,7811,11494,0
1233,500000,2,3,1,38,-1,-1,0,-1,-1,-1,407295,453304,405390,366243,404909,438895,119729,128501,45103,51959,71937,61483,0
1234,300000,1,2,1,59,0,0,-1,0,0,0,69394,62952,61070,68114,70576,60117,20250,10885,15808,21755,2144,3103,0
1235,200000,2,2,1,43,0,0,1,0,0,1,222610,193653,168992,213850,188293,167121,24117,29754,42902,6045,32491,41856,1
1236,80000,2,3,1,54,1,1,2,1,1,0,64927,73808,88782,72098,78580,76481,15350,18338,22642,7933,17747,20386,1
1237,20000,1,2,2,26,0,1,1,-1,0,1,3462,3442,3531,3583,3198,3529,848,1144,857,1178,885,153,0
1238,20000,2,3,1,27,0,-1,0,0,0,0,12548,12001,11755,16760,12643,12738,2083,1434,3406,1148,1738,1742,0
1239,80000,2,1,2,31,0,0,0,0,0,-1,37935,39773,40370,46533,41169,41461,10445,1671,14061,7033,13313,13081,0
1240,20000,1,2,1,30,1,1,1,0,1,2,11848,9558,13356,11769,11061,9703,1436,537,511,1998,3288,2337,1
1241,120000,1,2,1,49,-1,0,0,-1,0,0,28197,25420,29849,22370,30925,30464,5070,7699,5493,5265,1457,5976,0
1242,300000,2,1,2,50,0,-1,0,0,0,1,252256,232368,233224,188232,192908,231188,87469,69508,67242,41765,61339,43083,0
1243,500000,1,3,2,47,-1,0,1,1,0,1,110441,87994,89757,92538,84777,100762,8720,15563,1796,20990,7929,22245,0
1244,120000,1,2,1,34,1,1,1,0,1,0,119430,95553,100932,111858,101101,120897,8212,6566,20176,36950,32826,28470,1
1245,500000,2,1,2,48,0,0,0,0,1,0,249874,270466,206735,229411,213003,268920,16722,52400,49147,34324,48591,11487,0
1246,500000,2,3,1,26,3,3,4,4,3,3,277254,295412,369565,353469,391826,274669,96865,71069,30775,64203,61098,35780,1
1247,500000,1,3,1,43,2,1,2,3,2,2,376379,390181,517374,519069,476393,429563,27389,50582,78780,175503,78142,83247,1
1248,120000,1,3,2,28,0,-1,-1,-1,-1,-1,91559,84354,105334,78915,85404,88982,7579,3984,29548,4915,17569,23225,0
1249,80000,2,2,1,24,1,0,1,2,2,1,49037,53003,37261,52464,47722,42265,12223,6691,1565,17465,14243,11205,1
1250,500000,2,3,2,28,0,1,0,-1,1,0,181922,232380,255752,177756,211618,199902,49234,57604,16497,59180,62677,43942,0
1251,50000,2,2,1,26,0,0,1,0,0,-1,23736,25164,28985,22130,21582,22983,4603,8627,8404,7405,3386,4908,0
1252,80000,2,2,2,43,0,1,-1,-1,0,0,26901,33867,31888,33562,28551,25540,9261,2801,9153,1413,8570,3610,0
1253,20000,2,1,2,46,1,2,1,1,1,1,19601,20312,22003,16674,17457,16183,643,6536,4726,3511,3067,4781,1
1254,300000,2,2,1,49,1,0,0,0,1,-1,82364,96858,84016,76495,90878,77879,18521,16532,13219,22688,14339,25109,0
1255,200000,1,3,1,41,-1,0,0,0,1,-1,77094,93052,81014,104206,98635,72493,16971,22226,4444,12871,9890,21696,1
1256,20000,2,2,1,29,-1,-1,-1,-1,-1,-1,12712,18166,13663,18471,14349,15920,1601,5541,3931,3969,4207,4899,0
1257,50000,2,2,2,21,0,1,1,0,0,0,18313,20699,16026,22188,20678,16985,5801,4221,1599,2321,4644,5433,0
1258,120000,1,3,2,54,1,2,2,2,3,1,108349,97528,87931,93606,116630,89032,21935,3928,28256,5875,18925,7717,1
1259,120000,1,2,2,67,0,0,0,-1,-1,1,39046,27208,35878,30060,31592,37819,3955,2930,9903,9055,7537,7169,1
1260,300000,2,2,1,34,-1,0,-1,0,-1,-1,19758,18674,20726,19826,22065,22952,971,5321,968,6816,6710,4507,0
1261,50000,1,4,1,30,2,3,2,2,2,1,32605,32607,26658,28411,30613,37616,1804,6601,6123,1222,2610,6778,1
1262,500000,1,3,2,35,0,2,1,0,1,2,273559,316757,225137,316616,252925,317996,86477,40733,72900,19008,37813,95399,0
1263,120000,1,4,1,31,0,-1,-1,0,0,1,119764,124747,120490,97920,110586,117246,12288,26507,37367,20978,16090,14921,0
1264,300000,2,4,2,31,-1,-1,-1,-1,-1,-1,126026,150211,159046,148657,124232,151323,40241,16317,35372,7207,5601,11081,0
1265,50000,1,3,1,44,0,0,1,0,0,1,7316,9283,8392,7148,8672,7526,436,923,644,1631,1129,831,0
1266,20000,2,3,1,57,-1,-1,-1,-1,-1,-1,8439,8388,8024,7349,7951,7795,2908,2460,1961,1891,2157,524,0
1267,20000,1,2,2,54,0,0,0,0,-1,0,9973,9239,10043,6994,8087,8611,2942,1404,2408,1096,837,1322,0
1268,80000,1,1,2,66,1,0,0,0,0,-1,47205,43722,52433,39916,57025,51816,2754,4827,11235,10759,16400,3033,0
1269,500000,2,2,2,37,2,2,1,2,2,2,158941,153946,167713,137363,136609,129632,7692,23865,18061,7898,45795,6339,0
1270,20000,1,3,1,44,-1,0,0,0,0,1,9307,11029,12000,13420,11236,13467,2653,3571,3805,1602,1055,2273,0
1271,80000,2,2,2,38,1,2,2,2,2,3,60122,63592,87447,77496,76405,70996,2751,5065,16252,22204,11857,15503,1
1272,20000,1,3,2,22,3,3,2,2,2,3,7502,8028,8308,9578,9188,10028,799,651,980,470,581,2211,1
1273,500000,1,1,2,39,-1,-1,-1,0,-1,-1,367477,306615,373413,308292,395412,401271,104515,41927,38918,35169,98223,20245,0
1274,200000,1,2,2,33,0,0,0,0,0,0,47050,45918,51018,57536,49101,60699,15032,1834,5751,12944,8795,20675,1
1275,300000,2,2,2,43,0,0,0,0,1,0,213646,216860,210807,262264,232540,226092,58394,9698,36292,26656,49827,13605,0
1276,200000,1,2,2,28,0,0,0,2,0,0,48731,70765,66469,59731,62983,58283,15285,1671,6393,10673,17444,13868,0
1277,200000,2,1,1,55,0,0,-1,0,0,-1,97392,112814,136221,129153,125001,127518,19942,7698,25983,38264,34517,39945,1
1278,300000,1,1,1,60,0,0,0,1,0,1,96043,112898,114339,114480,111298,101339,26630,26116,9532,12477,21176,31615,1
1279,20000,2,3,2,66,1,-1,0,0,1,0,2208,1793,2539,2572,2428,2094,294,152,277,421,755,395,0
1280,500000,2,2,1,24,1,2,2,1,0,0,181269,209576,192926,210615,141334,186492,50595,30319,11477,5480,46292,20804,0
1281,300000,1,1,1,26,0,0,-1,0,0,1,73097,82223,75170,74001,82206,86528,17858,20789,10368,18778,18754,25369,0
1282,300000,2,1,2,66,-1,0,-1,-1,-1,-1,266502,314953,318418,220256,294491,250242,55883,9606,49026,30212,9622,55592,1
1283,80000,1,2,1,60,0,-1,-1,0,-1,-1,26424,24243,21206,21395,24817,20427,9181,2157,3249,6500,6851,5740,0
1284,300000,2,1,2,48,-1,0,-1,-1,-1,-1,269701,310337,244698,258779,272931,315192,47205,108196,63428,12738,85791,47908,1
1285,80000,1,3,2,36,2,2,2,3,1,2,37066,39105,40278,38106,48153,42894,8315,8485,7230,10598,9808,13787,0
1286,20000,2,3,1,45,2,2,1,2,2,2,5857,4991,5299,4844,5619,5962,1102,1186,1317,1397,1411,1948,0
1287,500000,2,1,2,46,1,2,1,2,2,1,226123,231292,225343,224392,189801,230613,23961,44013,6971,61955,26096,60726,1
1288,50000,1,2,1,60,-1,0,-1,0,0,-1,10913,9032,12404,11128,10156,10561,1408,3059,2035,2919,1885,3496,1
1289,20000,2,1,2,45,0,0,0,0,0,-1,15403,13786,13719,17937,18348,17825,5283,932,680,1766,5199,3024,1
1290,200000,2,2,2,22,-1,-1,-1,0,-1,-1,27214,36619,35691,37854,37164,36459,4065,1546,6156,5962,11486,3068,0
1291,50000,1,3,1,53,1,0,0,0,0,0,36042,37326,45997,36248,44058,41527,8801,10799,10258,5341,2556,9818,1
1292,500000,2,2,1,57,1,0,0,0,0,0,50170,47860,51939,35431,50642,35421,10392,1021,14694,3526,1300,8345,1
1293,120000,2,3,1,35,1,2,1,1,2,1,41343,35064,37429,42493,37975,41868,12966,7199,7544,7744,5441,7625,1
1294,20000,2,1,1,26,-1,-1,-1,-1,0,-1,2919,3376,3734,3633,3418,2891,788,69,542,908,509,306,0
1295,500000,2,2,1,27,0,-1,0,-1,0,0,303634,322619,389152,349232,377814,413196,14153,43527,41745,62156,103974,93396,1
1296,120000,1,2,3,60,3,3,3,3,3,3,58742,64174,64845,73528,52840,55872,8065,15067,21785,25115,1206,4450,1
1297,50000,2,2,1,42,0,0,0,0,0,-1,42901,53585,40870,40926,40548,45009,10936,10750,3491,10390,11033,12088,0
1298,200000,2,4,2,45,-1,-1,-1,-1,-1,0,80773,91142,64970,81573,86479,93385,5916,18661,2208,13548,17035,29812,0
1299,120000,1,1,1,66,1,2,1,2,3,2,9556,8849,8408,11676,8929,8283,1778,636,517,1790,2234,621,0
1300,20000,1,3,3,23,0,1,0,0,0,0,17912,14527,15505,15200,13517,12456,2236,1703,5413,3231,2541,3620,0
1301,300000,2,3,1,30,-1,0,0,0,-1,0,196293,204775,190533,186224,150792,151845,8120,52076,60783,30258,42363,12982,0
1302,80000,1,2,1,60,0,0,0,1,0,0,78255,56179,69108,55651,59815,80279,27315,1555,8685,5188,9823,14862,0
1303,200000,2,2,2,46,1,2,2,3,2,2,103956,76870,98513,85305,81720,107911,33961,16638,2095,16373,10960,35249,0
1304,500000,2,2,1,22,0,0,0,1,-1,0,440688,374044,307582,307944,353163,359716,117524,71304,84024,74521,81245,17012,0
1305,200000,1,2,2,54,0,1,0,0,0,1,49682,46517,35617,42886,48988,45729,4289,6210,4244,5930,8164,2269,0
1306,200000,2,3,1,27,0,0,0,0,0,0,186007,187960,222171,208438,212795,220142,64398,24524,6067,23657,25563,74051,0
1307,50000,2,2,2,57,-1,-1,-1,0,-1,-1,9319,8728,11730,12445,11359,8856,2126,2475,2002,1141,3651,641,0
1308,50000,2,4,2,58,1,0,1,0,0,1,36479,50004,45530,44453,35933,37658,12359,7303,7283,6211,9295,5003,1
1309,80000,1,2,2,59,0,-1,-1,-1,-1,0,20875,23344,21807,15909,17416,22947,710,1082,3039,1601,1479,3934,0
1310,300000,1,2,1,42,1,-1,1,0,-1,1,256379,253600,283392,270941,277198,207104,19804,85583,66770,73647,73245,4599,0
1311,120000,2,3,1,33,1,-1,1,0,1,0,87459,112343,123332,97588,110350,105598,21295,7080,32015,22520,11398,8666,0
1312,80000,1,2,1,62,1,0,0,0,0,0,80119,83318,75104,77086,79795,63735,25587,23592,15361,8840,12952,18698,1
1313,300000,2,3,1,47,0,0,1,-1,1,1,167528,159148,139613,136284,141908,153956,13068,3915,3436,47332,13019,29439,1
1314,300000,1,1,1,50,1,1,1,0,-1,1,143982,152743,110328,151199,141173,120321,17946,21422,3022,35240,8101,18046,1
1315,500000,2,4,2,27,1,0,0,-1,-1,-1,412239,416961,445412,495491,423510,375026,88259,79226,138512,33205,64242,91900,0
1316,80000,2,3,2,50,-1,0,-1,-1,-1,0,41454,42885,46798,40023,42450,39397,14504,1279,3815,11754,8624,5010,0
1317,200000,2,3,2,48,3,2,2,2,2,2,128632,145417,110224,130623,145018,153510,36517,38135,16683,35101,17358,25285,0
1318,200000,2,2,1,34,3,3,3,3,4,3,46804,58189,48020,55068,50589,45805,15200,6167,2600,10188,2263,15936,1
1319,120000,1,3,1,57,0,1,-1,0,0,0,59165,52001,66695,51930,56029,54864,14362,10326,6380,5039,5736,15115,0
1320,80000,2,2,2,27,1,0,0,-1,0,0,29519,33522,26404,29924,27257,30894,9137,9435,4757,8605,2754,6265,1
1321,20000,2,3,1,54,-1,-1,-1,-1,-1,-1,12299,15414,15255,14646,14439,12607,2303,3315,1490,894,3103,2443,1
1322,50000,2,1,1,66,-1,-1,-1,-1,-1,-1,11368,10573,13515,10677,12999,13012,693,1801,3209,1686,1470,3885,0
1323,120000,1,2,2,47,0,0,0,0,0,0,53796,57704,56040,42329,50246,48730,13672,7554,7913,12263,9855,10637,0
1324,500000,2,2,2,25,2,2,2,3,3,2,407513,356714,354820,476662,512628,451921,89036,12443,99418,135598,89818,59636,1
1325,500000,1,2,3,47,2,1,1,1,1,0,337675,299088,324258,299116,257230,289751,60837,96096,70896,68157,27754,45743,1
1326,50000,2,2,1,45,1,-1,0,0,0,0,36354,54352,48087,40786,52071,51907,4026,11704,4991,919,13778,4179,0
1327,200000,2,3,2,46,3,3,3,4,4,3,62348,61353,48739,63390,58246,60349,17381,14013,13976,8236,13996,20315,1
1328,20000,1,2,1,33,1,0,0,0,-1,0,7477,10747,9827,10832,10939,8289,2173,1777,3219,3266,2674,1949,0
1329,200000,1,3,1,50,-1,0,0,-1,0,-1,93172,112660,89803,124598,115195,115592,13060,16109,5353,32152,18786,17515,0
1330,80000,1,1,2,33,1,1,-1,0,1,-1,41162,33810,37196,34511,34272,38362,13425,1196,8963,9921,4266,5323,0
1331,120000,1,3,1,47,-1,-1,-1,-1,-1,-1,92001,90285,97899,75377,81390,98445,13065,6840,22336,3074,17494,31434,1
1332,300000,1,3,2,48,2,3,2,2,2,2,59308,52057,56554,48752,63455,66456,3291,8351,13629,16110,21352,9231,1
1333,80000,2,2,1,51,-1,0,0,0,1,1,47427,44411,51359,51297,49415,47616,3554,4430,1555,4903,8064,12837,0
1334,300000,1,3,1,58,0,-1,0,0,0,0,51244,54039,51878,61511,55087,52130,9387,1873,1519,7975,13195,15414,0
1335,120000,2,3,3,62,0,0,0,0,1,0,86780,79285,89067,85432,84222,71469,4022,15871,10446,25406,13978,22886,0
1336,500000,1,3,1,57,1,3,3,2,2,2,363252,406595,467561,423204,415170,482904,93383,70404,21730,65195,136075,69106,1
1337,200000,1,2,2,58,0,0,0,-1,0,-1,14080,11857,10525,12016,11180,14693,3975,1885,1481,2790,1200,4004,0
1338,80000,1,2,1,61,0,1,1,1,0,1,45485,36059,45069,41832,31720,32456,9157,10053,13876,8461,5432,4150,0
1339,300000,2,3,3,32,-1,-1,-1,-1,-1,-1,177625,138283,180904,124906,164947,158769,55917,30124,24777,38196,30169,52636,0
1340,80000,2,2,1,34,2,2,1,1,1,1,64611,57510,55455,59532,62950,50214,21639,1177,8298,4257,16395,1189,1
1341,120000,1,3,1,46,-1,0,1,-1,-1,0,14720,11757,15509,14872,14797,12500,2468,3191,1679,777,3818,2602,0
1342,20000,2,2,2,42,-1,1,1,-1,0,0,8764,10086,7733,9573,8907,8284,433,1807,1230,2189,2351,1559,1
1343,20000,2,3,1,53,1,1,2,1,2,2,15325,13242,12990,15682,14987,14787,1476,2523,3678,4684,3924,4578,0
1344,200000,1,1,1,21,-1,0,-1,-1,-1,-1,127450,126194,98198,122090,99714,120794,30207,39569,28889,39633,17451,11038,0
1345,50000,2,1,3,27,0,0,0,-1,-1,0,40531,34312,38028,32086,31624,31828,6238,1922,6044,4876,2255,1553,0
1346,500000,1,4,2,56,0,1,0,1,-1,-1,191923,224896,162197,176030,169310,206022,47223,48983,24485,46208,52019,61667,0
1347,300000,1,3,2,59,0,0,0,1,0,0,310560,303364,240884,239167,293108,287879,74541,34314,20323,35626,37281,39017,0
1348,200000,2,3,2,35,0,0,0,0,0,1,19422,27619,27898,22124,26173,26354,4268,886,9539,2770,1476,3352,1
1349,300000,1,4,2,35,0,0,-1,0,0,1,44389,45290,39351,36990,45880,33084,3199,7442,4825,1035,2867,1811,0
1350,200000,1,2,2,47,0,0,-1,-1,-1,-1,124214,119370,124762,104912,92095,103085,14204,13559,16602,10757,16878,33360,0
1351,20000,2,2,2,43,-1,-1,-1,-1,-1,-1,8859,8553,8772,9802,11186,10721,1281,175,1419,746,1796,2453,0
1352,80000,1,1,1,28,-1,-1,-1,0,-1,-1,42923,53695,43994,51320,54714,57121,12536,9808,2047,5575,13074,14190,1
1353,120000,2,2,1,44,1,2,2,2,2,2,34416,29674,35264,31585,29186,31067,8436,3640,4528,3641,6476,9827,0
1354,500000,2,1,2,59,0,0,1,0,0,1,114966,150811,122751,143851,142451,128653,26767,24621,40150,43650,7898,38399,0
1355,50000,2,4,2,55,0,0,0,0,1,0,45825,43931,37623,32762,45723,45350,11080,1048,1676,2854,5391,7668,1
1356,120000,2,1,2,59,0,0,0,0,0,0,31302,36051,46616,36622,37070,36241,5823,5500,4631,10633,11705,2635,0
1357,80000,2,1,1,51,1,0,0,0,0,0,53070,63588,55134,47604,62534,51173,1755,11142,5064,14451,17072,12376,0
1358,20000,2,1,1,62,0,-1,-1,-1,-1,-1,10789,12354,13066,10716,11944,15601,931,2146,1274,1854,3670,3662,0
1359,20000,1,1,2,32,0,0,0,0,0,0,2759,2655,2612,2584,2186,2786,182,681,875,669,59,99,0
1360,80000,1,1,2,23,0,0,0,-1,0,1,60090,60910,48681,67018,50080,52129,2470,21143,12356,8386,16075,16514,0
1361,20000,2,2,1,26,0,1,1,-1,0,0,20287,17883,19347,16423,14473,20350,2544,522,6259,424,4402,2658,0
1362,20000,2,2,2,67,1,1,2,0,1,1,19666,19107,16275,15944,18081,14951,5505,2879,4931,4052,3060,2414,0
1363,80000,1,2,2,51,3,2,3,2,2,3,4366,3757,3638,3697,3590,4730,253,1137,822,813,869,896,0
1364,50000,2,3,3,32,1,1,1,2,0,1,25139,31512,27378,24137,30146,29609,1427,7136,5605,4157,3308,9503,0
1365,120000,1,2,1,61,-1,-1,-1,-1,-1,-1,92696,119134,108998,127754,127112,109968,5655,41052,20491,40442,30168,8386,1
1366,20000,2,2,2,35,-1,-1,-1,-1,-1,-1,14217,11315,13098,12758,14119,14523,1550,2890,3242,3317,4004,2057,0
1367,80000,1,2,2,49,-1,-1,-1,-1,-1,-1,23219,25045,30375,27973,23775,29054,2013,6486,7642,4488,4269,5387,0
1368,120000,1,1,2,32,1,1,1,1,0,1,32083,22941,30658,31954,23555,23616,789,1034,6677,1201,690,8202,0
1369,500000,1,2,1,25,2,2,1,2,2,2,404694,365225,334978,363934,343500,380409,45020,40479,56326,112495,54064,62812,1
1370,200000,1,4,2,33,2,3,2,2,2,2,165253,181609,186750,137110,137173,175422,57636,38620,45355,47293,35561,26579,1
1371,500000,1,2,2,31,0,0,-1,-1,0,0,480235,390573,514692,500396,437728,468641,62930,75142,36906,114786,110412,153976,0
1372,80000,1,2,1,46,2,0,1,1,2,1,86447,62459,59411,80499,75256,66679,7755,16967,12001,22016,13582,15889,1
1373,120000,1,2,1,21,-1,-1,0,-1,1,1,48987,43984,37621,42907,47002,39717,8993,15302,7199,8023,16229,2938,0
1374,80000,1,3,2,32,1,1,0,1,1,1,53664,45623,44358,52334,44365,59481,5135,4026,8713,5133,2600,4640,1
1375,500000,1,2,2,47,-1,0,0,1,0,0,68913,64419,58947,70293,63015,68942,14105,10395,11115,22562,4551,16040,1
1376,500000,1,2,1,39,-1,-1,-1,0,-1,-1,66904,71070,66942,62837,77192,67842,10183,21751,17912,15530,8124,11813,0
1377,500000,1,3,1,50,0,-1,-1,-1,0,-1,53769,54249,52684,60149,66282,58478,16988,16089,14223,12091,18901,1342,0
1378,300000,1,2,1,51,2,2,1,2,2,2,330975,319553,333964,252467,296839,235974,107968,92566,43001,61876,80660,39651,1
1379,120000,1,2,2,66,-1,0,-1,0,-1,-1,24118,22205,22606,21278,23375,19027,6157,4990,3068,4019,6428,6280,0
1380,120000,1,1,3,60,0,-1,0,1,0,0,67794,63769,53940,58659,64813,53598,6181,22175,1372,2303,20109,14291,0
1381,500000,1,1,1,31,0,0,0,0,-1,1,187659,220885,273653,240849,196080,190250,33100,30506,15704,57308,32580,38875,1
1382,50000,2,4,1,53,1,0,1,0,0,0,20328,16078,17916,20327,20646,20656,2455,938,1909,441,2583,1743,1
1383,80000,2,2,1,50,2,1,2,2,1,3,43425,44390,37236,46969,39671,38583,12308,2829,10153,4354,8653,5045,1
1384,500000,2,2,2,48,-1,-1,0,-1,-1,-1,25420,25265,19325,25317,24793,20678,753,4137,5474,1809,3849,7214,0
1385,80000,2,2,2,58,-1,-1,-1,-1,-1,-1,26741,38707,35069,30053,29126,33260,6380,11056,3571,3974,5617,7898,0
1386,50000,2,1,2,27,0,1,1,1,1,1,29234,20630,25203,26139,27334,29258,3702,3495,7737,8357,1811,3252,0
1387,120000,1,3,1,38,-1,0,1,0,0,0,104299,99279,102903,82497,107969,80347,18641,22015,14816,3819,16282,21174,1
1388,80000,2,1,1,59,-1,-1,-1,0,0,-1,56497,60599,65512,56629,63015,50944,7151,8371,18563,7811,11088,2554,0
1389,500000,2,3,1,62,-1,-1,-1,-1,0,-1,396970,359430,462080,463544,418535,468278,55726,91976,80430,125460,20447,66632,0
1390,500000,2,2,2,22,-1,0,-1,1,0,0,187626,229693,232341,176966,211658,204525,45506,16201,59283,53942,73695,19555,0
1391,80000,2,2,2,43,0,0,0,0,1,1,13221,13063,15742,16657,14912,14892,2862,2503,2165,4379,484,4701,0
1392,120000,2,1,2,33,-1,0,-1,0,-1,0,43960,59306,55169,49863,56116,41607,4420,4809,2388,16879,18150,10925,0
1393,500000,2,3,1,28,-1,-1,-1,-1,-1,-1,478321,495560,414428,518572,485153,556558,16454,86542,43032,129462,22542,102504,0
1394,300000,2,1,2,23,1,1,1,0,2,2,73616,64572,74496,74108,75230,77374,22267,10464,18626,19696,22837,11960,1
1395,50000,1,1,1,46,1,1,0,0,1,0,10224,11611,10313,11582,11379,12015,1865,2548,3330,1844,2286,3644,0
1396,200000,2,3,2,52,1,2,1,3,3,2,206013,164410,193636,196960,165395,225878,46184,30933,44020,23571,14023,19084,1
1397,200000,1,2,2,45,0,-1,0,-1,-1,0,185464,208500,183266,162682,203296,209403,33606,71305,50169,28049,19585,9354,0
1398,200000,2,2,2,38,0,0,0,0,-1,0,31316,42098,39283,43845,32204,30447,7022,13349,968,11987,4380,9167,0
1399,20000,2,1,2,57,3,4,3,3,2,3,17896,16160,15012,16691,17097,17014,4060,1891,4065,3915,4821,5149,1
1400,80000,1,3,1,51,0,1,2,1,1,1,35493,33239,37433,36181,34964,37519,886,1993,11069,9939,2397,3759,0
1401,300000,2,2,2,63,0,1,-1,0,1,1,164895,151360,148723,166219,176340,130631,32315,6261,23226,37748,17622,11030,0
1402,50000,1,1,1,37,1,-1,0,0,0,0,30689,26480,30395,23682,21875,23782,5698,2259,5561,6202,5437,6136,1
1403,80000,2,2,2,32,0,0,0,0,-1,0,86414,83241,74111,86463,76831,67723,4460,7766,2763,6170,17103,4558,0
1404,80000,2,1,1,42,0,0,0,0,0,0,17993,18668,19355,17089,15360,20729,4788,5848,1502,2167,2440,4669,0
1405,50000,2,2,1,44,1,0,0,-1,0,0,40100,37822,41183,44197,45203,44043,3923,12299,1591,9068,1807,11072,0
1406,50000,2,1,1,42,-1,-1,-1,-1,-1,-1,2804,2714,2347,2238,2091,2658,106,260,613,56,427,598,0
1407,80000,1,1,1,60,2,2,2,1,2,2,58621,57537,58289,57929,51595,57369,16709,15556,16551,18598,4934,9229,1
1408,500000,1,2,2,23,0,0,0,0,-1,0,292790,362361,393437,390631,282925,349582,89445,107187,21977,38684,62807,101147,1
1409,20000,1,3,2,45,0,0,0,-1,0,0,16162,13981,16986,18342,17215,17569,1606,2021,5505,902,1903,5743,0
1410,50000,1,1,1,41,-1,-1,-1,-1,-1,-1,53588,46177,55137,51923,42673,41674,13230,14205,16378,12420,14658,10538,1
1411,20000,2,1,3,30,1,1,2,1,1,0,17253,14972,14994,16641,15965,13850,373,5184,3151,1396,3430,2191,0
1412,120000,1,3,3,51,1,0,2,1,1,1,76330,101193,104676,90529,77962,93108,19691,34342,35886,18598,16257,32455,1
1413,50000,1,3,1,58,-1,-1,0,-1,-1,-1,14030,16176,16568,12129,13546,16187,2432,4283,5156,1239,4011,2724,0
1414,300000,2,2,1,46,0,0,0,0,0,1,301994,343708,331273,306985,253480,340076,85017,49029,30964,22950,88146,19849,1
1415,200000,2,1,2,24,0,0,1,0,-1,0,89335,88281,112181,101421,100929,117762,13373,8378,37561,26627,27970,9450,1
1416,300000,1,2,2,24,1,2,1,1,1,1,143260,146947,145967,110392,107115,147686,19462,51085,24256,16356,23135,19911,1
1417,200000,2,1,1,40,-1,-1,-1,0,-1,-1,104359,120971,105880,113395,126141,94097,31042,13444,7528,23763,38468,7195,0
1418,120000,2,1,2,52,2,1,2,2,2,2,46651,43991,51827,43635,49063,45294,1527,7243,4458,3984,3915,12539,0
1419,500000,1,2,1,35,1,-1,1,0,0,0,287493,250963,297436,319448,323488,300869,23506,26893,73105,64623,88052,7417,1
1420,120000,2,2,1,35,-1,-1,-1,-1,-1,-1,52141,38431,48630,45132,41739,48372,8134,7060,16820,7176,10199,7446,0
1421,500000,1,2,2,61,-1,-1,-1,-1,-1,0,157467,143183,127722,157953,123792,138062,34137,8079,21321,5829,25485,42772,0
1422,500000,1,2,2,21,-1,-1,-1,-1,-1,-1,527008,453790,513382,418298,533334,387421,11429,130232,107365,108677,163215,22800,1
1423,200000,2,2,2,24,-1,0,0,1,0,0,218373,164503,187740,162716,206705,186000,45814,30710,22355,32914,52541,39080,0
1424,200000,1,2,1,28,0,0,0,0,0,0,123143,105457,98153,106411,110254,117503,17843,16708,29347,34692,28282,38560,1
1425,50000,1,3,1,67,1,1,1,1,0,1,48332,54028,41648,47719,53384,43453,11014,7555,2415,13677,17094,1895,1
1426,300000,2,3,1,44,-1,-1,-1,-1,-1,-1,111681,152116,120141,115122,115868,140355,35659,32146,25486,23999,29060,19005,0
1427,200000,1,2,1,28,3,2,3,4,3,3,93321,91709,87993,87110,97787,75645,15443,25436,18782,2980,10198,2453,1
1428,500000,2,2,1,35,0,-1,-1,-1,-1,-1,487854,534553,439025,538315,454752,473449,99039,169905,8945,144340,36651,116053,1
1429,50000,1,2,2,66,0,0,0,-1,0,-1,31086,34007,26550,35784,37461,35271,5369,10123,8771,7199,7093,5564,1
1430,300000,2,1,2,53,2,2,3,3,2,1,277679,264757,217412,206197,255330,205979,16414,44219,74253,60943,24900,68511,1
1431,120000,2,3,2,31,1,0,1,2,1,1,49507,51168,50092,47384,48390,57992,13947,15105,8729,9981,12140,14389,1
1432,50000,2,1,1,32,0,0,0,0,0,0,25324,24844,19460,22275,22378,23311,7903,4830,5049,460,6670,5096,0
1433,50000,2,2,1,24,-1,0,-1,0,1,1,6425,7177,5666,6636,7353,5732,1849,1655,1700,1917,855,1836,0
1434,120000,1,2,2,57,0,-1,-1,-1,-1,0,95240,125626,126492,139308,95261,135379,31687,30477,7401,39530,30621,8500,0
1435,80000,2,1,1,27,-1,-1,0,0,0,-1,24087,20472,23126,17724,20433,23415,4201,3109,1108,935,5444,6521,0
1436,20000,1,1,2,34,1,1,0,0,-1,0,11479,9482,12296,10582,10890,10477,2700,1710,3042,2599,3768,2732,0
1437,80000,2,2,1,37,-1,-1,0,-1,-1,-1,13027,11463,10442,14727,11535,10267,984,2849,2136,2851,987,2486,0
1438,200000,2,4,2,50,-1,1,1,0,-1,1,139397,113687,123250,112543,123580,130122,47722,13826,30097,24159,21294,30001,0
1439,80000,1,2,2,49,0,1,0,0,0,0,29818,27511,27913,39948,36939,31310,6308,7331,5827,12523,8544,1911,0
1440,500000,2,2,2,58,3,2,2,1,2,2,346622,377916,409047,385392,456477,354129,36862,51719,106233,39447,124053,102213,1
1441,300000,1,1,2,34,1,2,2,2,2,2,134488,135383,133641,180102,168188,175210,38433,28865,9504,4384,53977,40228,1
1442,120000,2,2,2,39,0,1,1,0,2,2,17409,23280,17823,19600,23827,23613,3717,6900,1624,1740,7484,6483,0
1443,500000,2,1,1,39,-1,1,0,0,0,0,25274,28666,27984,30733,22730,23220,8426,792,2748,9895,2225,7177,0
1444,120000,1,2,2,23,-1,-1,-1,0,-1,0,30273,33882,28104,34655,26540,32666,8297,3364,4425,3110,4230,6500,0
1445,20000,2,3,2,55,-1,-1,-1,-1,-1,-1,12630,14489,15081,12842,12374,15540,3908,2972,4081,3115,3180,5217,0
1446,20000,2,2,3,46,0,-1,0,0,0,0,17211,14966,17767,18487,16390,17947,3448,823,5229,5187,1043,1005,1
1447,500000,1,2,2,43,-1,1,-1,1,-1,0,168520,170527,211378,150458,195577,211843,32138,14980,32219,43385,65829,4519,0
1448,500000,2,1,1,67,0,-1,0,-1,0,-1,252253,319489,267800,254816,246267,265850,68087,85367,58561,5973,65628,34263,0
1449,300000,1,1,2,29,0,-1,0,1,0,-1,97198,69962,75138,84154,80732,85051,5312,1995,8821,1944,23696,7778,1
1450,20000,2,2,2,66,-1,0,0,-1,0,0,21333,19237,18100,18559,19138,16232,807,4257,3203,6428,6113,3290,1
1451,80000,1,3,1,52,0,0,1,0,0,0,87515,69282,64425,73626,82162,71103,30159,2166,21292,14287,6468,7998,0
1452,20000,2,1,1,31,0,1,0,0,0,0,12629,14466,12552,13957,16163,15450,4071,842,1366,572,2574,3817,1
1453,20000,2,2,1,52,0,0,-1,0,0,0,2822,2072,2536,2246,2695,2076,946,308,710,64,633,689,0
1454,50000,1,2,2,56,1,0,1,0,0,0,20236,23029,20604,20805,27744,20883,821,7792,698,5982,8084,5718,0
1455,200000,1,1,1,38,2,2,3,2,2,1,204944,169776,160113,169925,216486,171633,22312,33977,21443,54144,57053,27235,1
1456,20000,2,1,1,37,0,0,0,0,0,0,6123,6051,5670,4785,6153,4486,1944,744,1346,923,369,1548,0
1457,500000,2,2,1,60,1,1,1,0,0,1,328028,289100,388110,388816,406795,328639,16246,45023,107149,55470,94812,90208,1
1458,120000,2,2,2,28,1,0,0,1,1,2,133149,102305,97646,103994,130005,95667,22498,21248,21035,26183,15215,27512,1
1459,50000,1,2,1,21,-1,-1,-1,-1,0,0,42681,31751,40404,45822,33018,33949,5660,7125,12397,1254,5089,2972,0
1460,120000,1,3,1,52,0,0,0,0,0,0,69558,90472,90203,67871,76457,80673,21587,9807,26236,21490,26614,19900,0
1461,300000,2,3,2,63,0,1,0,-1,0,0,133602,168456,144688,158923,151879,169087,25513,14336,32377,16609,10909,7323,1
1462,80000,2,3,1,44,0,0,-1,0,-1,1,84481,79327,81944,65043,62927,88372,9784,14552,11052,5398,3426,8629,0
1463,20000,2,4,3,27,-1,-1,-1,-1,-1,-1,8331,8537,7328,6836,8691,9898,1608,1987,1026,837,1347,251,0
1464,20000,2,3,2,46,2,2,2,2,3,1,15109,20907,21374,19139,16130,20950,862,6051,4766,785,4922,5294,0
1465,300000,2,3,1,32,2,2,2,2,2,2,115748,118008,110097,128662,142090,148101,30244,25445,26055,19113,10447,3985,1
1466,20000,1,3,2,59,-1,0,-1,-1,-1,-1,18322,17246,14170,14481,17398,13997,4105,4285,2128,3705,806,2354,0
1467,200000,1,3,1,49,-1,-1,-1,-1,-1,-1,166004,207755,220285,178197,177167,161205,36227,37336,33302,32860,28031,37742,0
1468,80000,2,3,1,36,-1,-1,-1,-1,-1,0,54466,37382,49033,50999,54158,54150,8959,7738,3841,12261,12383,6533,0
1469,300000,2,4,1,50,2,1,1,0,1,1,110037,87527,90776,98488,113538,121466,12885,20104,1824,8917,8066,17151,0
1470,20000,1,2,1,52,0,0,0,0,1,0,1708,1891,2072,1549,2082,1859,71,185,356,234,594,569,0
1471,500000,1,2,1,52,0,-1,-1,-1,-1,-1,392200,343904,476829,374929,347540,419296,130414,112884,140272,71772,103967,133112,0
1472,200000,2,2,2,38,1,1,1,1,1,1,142725,117301,127832,132399,151196,103065,22473,15713,34892,27664,29098,31266,0
1473,120000,1,3,1,47,1,0,1,-1,0,0,34711,34258,30729,42665,28997,30623,6374,7521,10693,3477,871,8190,1
1474,50000,1,2,1,23,-1,1,0,-1,1,1,36858,38323,40124,38073,50522,45230,5307,7860,9666,10909,9615,5046,0
1475,500000,2,3,2,39,0,0,-1,0,-1,0,414540,502723,547149,431948,377328,405613,143430,151623,53178,21498,34216,18107,0
1476,80000,1,3,2,38,-1,-1,0,0,0,0,82162,71669,62077,71397,62115,71200,23230,4120,15117,3743,10386,12906,0
1477,120000,2,4,1,46,-1,0,-1,0,0,1,80588,78904,69103,88015,69205,83540,4158,24601,20274,9012,18734,27154,1
1478,80000,1,1,1,65,1,0,0,0,0,0,78728,77887,67538,66370,86181,88164,17375,5079,15637,15657,3271,8262,1
1479,50000,1,3,1,65,0,0,0,0,1,0,39778,42737,37300,49492,51363,50694,7157,2893,6675,2248,1029,4519,0
1480,80000,2,3,1,43,2,3,3,3,2,2,11410,11492,11629,12556,12295,10309,3215,3499,2606,283,787,2858,0
1481,50000,1,4,2,51,0,1,0,0,-1,0,55111,57298,47362,45578,53904,48057,19240,6007,1350,8013,1885,10349,0
1482,20000,2,3,2,26,2,1,2,1,2,3,9524,10963,9362,12692,10477,12019,2529,2432,1006,1705,1109,1843,1
1483,80000,1,2,1,43,0,0,0,0,1,0,89055,78573,63791,76569,88479,76754,27199,13592,4596,5492,13573,23385,0
1484,20000,2,2,1,53,2,1,1,0,1,1,17743,17583,12642,13472,14939,18608,3297,5772,1977,3185,4142,3949,0
1485,80000,2,1,2,53,0,0,-1,0,1,1,49477,55947,43214,48789,62176,48587,7089,15558,13599,11303,1865,15727,0
1486,500000,2,4,2,66,1,1,1,2,2,2,205632,159462,156053,166789,199090,148379,47764,20817,12799,10044,27041,20994,1
1487,50000,1,2,1,42,0,-1,-1,0,1,0,3741,2960,3828,3241,3303,3331,999,853,166,310,1079,554,0
1488,20000,1,3,1,63,0,-1,-1,-1,-1,0,6614,6427,4998,6813,5813,6246,628,607,1381,956,1221,278,1
1489,20000,1,3,1,66,-1,0,0,-1,-1,-1,12048,15357,12976,14979,15087,13442,2242,3426,3975,5193,4417,1899,1
1490,120000,2,2,2,47,-1,-1,-1,0,0,-1,121977,116220,107659,118365,123428,97357,7019,31149,21032,32388,22162,7720,0
1491,50000,1,1,1,25,3,2,3,2,3,2,2254,2478,2524,2310,2459,2077,206,624,364,303,128,64,0
1492,120000,1,1,1,38,3,3,3,3,2,2,32821,23457,31353,27520,33455,28421,10207,5552,5081,9318,2732,2967,1
1493,20000,1,3,1,56,0,2,2,2,1,1,12722,15346,16533,11440,16411,14878,862,4510,3926,1946,4433,2706,1
1494,80000,1,2,1,48,-1,-1,-1,-1,-1,-1,23393,26400,23065,28323,23616,21780,6731,5373,6788,4121,7206,2213,0
1495,80000,1,1,2,65,2,3,1,2,2,1,17089,17225,11529,11959,14633,16518,2442,5621,951,3965,2550,924,1
1496,120000,1,3,2,59,2,2,1,1,2,1,14693,16270,11995,13545,15355,15544,3511,1102,3811,3561,2802,2627,1
1497,120000,1,2,2,23,1,0,-1,0,0,0,65030,76721,66218,84256,69996,66529,20836,10540,15689,16917,11797,4576,0
1498,300000,2,3,1,61,0,0,0,0,-1,0,209718,197918,220037,204427,206896,149652,58237,55097,58009,44612,5391,7239,0
1499,120000,1,2,1,37,1,0,0,-1,0,1,93026,109262,107345,86397,94468,85680,27215,13292,5225,29463,4866,28862,0
1500,300000,1,1,2,59,-1,-1,-1,-1,0,-1,119795,97267,116492,108512,112643,86988,12719,16163,37633,7645,39123,15402,0
